<AQX>
<Data>
<CO>0.35</CO>
<County>基隆市</County>
<FPMI>2</FPMI>
<MajorPollutant/>
<NO>1.62</NO>
<NO2>20</NO2>
<NOx>21.82</NOx>
<O3>35</O3>
<PM10>50</PM10>
<PM2.5>26</PM2.5>
<PSI>43</PSI>
<PublishTime>2016-02-22 17:00</PublishTime>
<SiteName>基隆</SiteName>
<SO2>7.5</SO2>
<Status>良好</Status>
<WindDirec>62</WindDirec>
<WindSpeed>0.9</WindSpeed>
</Data>
<Data>
<CO>0.49</CO>
<County>新北市</County>
<FPMI>3</FPMI>
<MajorPollutant>懸浮微粒</MajorPollutant>
<NO>3.98</NO>
<NO2>33</NO2>
<NOx>37.31</NOx>
<O3>26</O3>
<PM10>72</PM10>
<PM2.5>29</PM2.5>
<PSI>56</PSI>
<PublishTime>2016-02-22 17:00</PublishTime>
<SiteName>汐止</SiteName>
<SO2>3.8</SO2>
<Status>普通</Status>
<WindDirec>257</WindDirec>
<WindSpeed>2.3</WindSpeed>
</Data>
<Data>
<CO>0.29</CO>
<County>新北市</County>
<FPMI>2</FPMI>
<MajorPollutant>懸浮微粒</MajorPollutant>
<NO>1.89</NO>
<NO2>7.8</NO2>
<NOx>9.64</NOx>
<O3>48</O3>
<PM10>62</PM10>
<PM2.5>17</PM2.5>
<PSI>54</PSI>
<PublishTime>2016-02-22 17:00</PublishTime>
<SiteName>萬里</SiteName>
<SO2>2.4</SO2>
<Status>普通</Status>
<WindDirec>319</WindDirec>
<WindSpeed>3.8</WindSpeed>
</Data>
<Data>
<CO>0.55</CO>
<County>新北市</County>
<FPMI>3</FPMI>
<MajorPollutant>懸浮微粒</MajorPollutant>
<NO>1.77</NO>
<NO2>28</NO2>
<NOx>29.34</NOx>
<O3>26</O3>
<PM10>72</PM10>
<PM2.5>32</PM2.5>
<PSI>58</PSI>
<PublishTime>2016-02-22 17:00</PublishTime>
<SiteName>新店</SiteName>
<SO2>3.6</SO2>
<Status>普通</Status>
<WindDirec>311</WindDirec>
<WindSpeed>3.7</WindSpeed>
</Data>
<Data>
<CO>0.49</CO>
<County>新北市</County>
<FPMI>3</FPMI>
<MajorPollutant>懸浮微粒</MajorPollutant>
<NO>2.12</NO>
<NO2>22</NO2>
<NOx>24.22</NOx>
<O3>36</O3>
<PM10>68</PM10>
<PM2.5>25</PM2.5>
<PSI>58</PSI>
<PublishTime>2016-02-22 17:00</PublishTime>
<SiteName>土城</SiteName>
<SO2>2.9</SO2>
<Status>普通</Status>
<WindDirec>308</WindDirec>
<WindSpeed>2.2</WindSpeed>
</Data>
<Data>
<CO>0.45</CO>
<County>新北市</County>
<FPMI>3</FPMI>
<MajorPollutant>懸浮微粒</MajorPollutant>
<NO>1.06</NO>
<NO2>19</NO2>
<NOx>20.12</NOx>
<O3>37</O3>
<PM10>67</PM10>
<PM2.5>31</PM2.5>
<PSI>57</PSI>
<PublishTime>2016-02-22 17:00</PublishTime>
<SiteName>板橋</SiteName>
<SO2>3.4</SO2>
<Status>普通</Status>
<WindDirec>314</WindDirec>
<WindSpeed>2.5</WindSpeed>
</Data>
<Data>
<CO>1.04</CO>
<County>新北市</County>
<FPMI>3</FPMI>
<MajorPollutant>懸浮微粒</MajorPollutant>
<NO>2.8</NO>
<NO2>21</NO2>
<NOx>24.23</NOx>
<O3>37</O3>
<PM10>53</PM10>
<PM2.5>26</PM2.5>
<PSI>54</PSI>
<PublishTime>2016-02-22 17:00</PublishTime>
<SiteName>新莊</SiteName>
<SO2>1.4</SO2>
<Status>普通</Status>
<WindDirec>31</WindDirec>
<WindSpeed>1.7</WindSpeed>
</Data>
<Data>
<CO>0.48</CO>
<County>新北市</County>
<FPMI>2</FPMI>
<MajorPollutant>懸浮微粒</MajorPollutant>
<NO>.89</NO>
<NO2>20</NO2>
<NOx>21.17</NOx>
<O3>35</O3>
<PM10>70</PM10>
<PM2.5>25</PM2.5>
<PSI>56</PSI>
<PublishTime>2016-02-22 17:00</PublishTime>
<SiteName>菜寮</SiteName>
<SO2>2.9</SO2>
<Status>普通</Status>
<WindDirec>299</WindDirec>
<WindSpeed>1.9</WindSpeed>
</Data>
<Data>
<CO>0.25</CO>
<County>新北市</County>
<FPMI>2</FPMI>
<MajorPollutant/>
<NO>.65</NO>
<NO2>4.5</NO2>
<NOx>5.16</NOx>
<O3>49</O3>
<PM10>26</PM10>
<PM2.5>13</PM2.5>
<PSI>41</PSI>
<PublishTime>2016-02-22 17:00</PublishTime>
<SiteName>林口</SiteName>
<SO2>1</SO2>
<Status>良好</Status>
<WindDirec>312</WindDirec>
<WindSpeed>2.3</WindSpeed>
</Data>
<Data>
<CO>0.41</CO>
<County>新北市</County>
<FPMI>2</FPMI>
<MajorPollutant/>
<NO>1.56</NO>
<NO2>14</NO2>
<NOx>15.76</NOx>
<O3>37</O3>
<PM10>62</PM10>
<PM2.5>27</PM2.5>
<PSI>50</PSI>
<PublishTime>2016-02-22 17:00</PublishTime>
<SiteName>淡水</SiteName>
<SO2>1.4</SO2>
<Status>良好</Status>
<WindDirec/>
<WindSpeed/>
</Data>
<Data>
<CO>0.34</CO>
<County>臺北市</County>
<FPMI>2</FPMI>
<MajorPollutant/>
<NO>.97</NO>
<NO2>12</NO2>
<NOx>12.58</NOx>
<O3>43</O3>
<PM10>53</PM10>
<PM2.5>25</PM2.5>
<PSI>49</PSI>
<PublishTime>2016-02-22 17:00</PublishTime>
<SiteName>士林</SiteName>
<SO2>1.1</SO2>
<Status>良好</Status>
<WindDirec>290</WindDirec>
<WindSpeed>2.9</WindSpeed>
</Data>
<Data>
<CO>0.9</CO>
<County>臺北市</County>
<FPMI>2</FPMI>
<MajorPollutant>懸浮微粒</MajorPollutant>
<NO>16.41</NO>
<NO2>35</NO2>
<NOx>51.8</NOx>
<O3>25</O3>
<PM10>74</PM10>
<PM2.5>24</PM2.5>
<PSI>56</PSI>
<PublishTime>2016-02-22 17:00</PublishTime>
<SiteName>中山</SiteName>
<SO2>2.4</SO2>
<Status>普通</Status>
<WindDirec>319</WindDirec>
<WindSpeed>2.3</WindSpeed>
</Data>
<Data>
<CO>0.66</CO>
<County>臺北市</County>
<FPMI>3</FPMI>
<MajorPollutant>懸浮微粒</MajorPollutant>
<NO>4.16</NO>
<NO2>32</NO2>
<NOx>36.03</NOx>
<O3>24</O3>
<PM10>70</PM10>
<PM2.5>31</PM2.5>
<PSI>53</PSI>
<PublishTime>2016-02-22 17:00</PublishTime>
<SiteName>萬華</SiteName>
<SO2>3.5</SO2>
<Status>普通</Status>
<WindDirec>284</WindDirec>
<WindSpeed>2</WindSpeed>
</Data>
<Data>
<CO>0.59</CO>
<County>臺北市</County>
<FPMI>2</FPMI>
<MajorPollutant>懸浮微粒</MajorPollutant>
<NO>3.33</NO>
<NO2>32</NO2>
<NOx>35.13</NOx>
<O3>27</O3>
<PM10>80</PM10>
<PM2.5>22</PM2.5>
<PSI>56</PSI>
<PublishTime>2016-02-22 17:00</PublishTime>
<SiteName>古亭</SiteName>
<SO2>3.3</SO2>
<Status>普通</Status>
<WindDirec>267</WindDirec>
<WindSpeed>1.5</WindSpeed>
</Data>
<Data>
<CO>0.61</CO>
<County>臺北市</County>
<FPMI>3</FPMI>
<MajorPollutant>懸浮微粒</MajorPollutant>
<NO>5.53</NO>
<NO2>28</NO2>
<NOx>33.49</NOx>
<O3>33</O3>
<PM10>73</PM10>
<PM2.5>46</PM2.5>
<PSI>54</PSI>
<PublishTime>2016-02-22 17:00</PublishTime>
<SiteName>松山</SiteName>
<SO2>1.7</SO2>
<Status>普通</Status>
<WindDirec>294</WindDirec>
<WindSpeed>2.2</WindSpeed>
</Data>
<Data>
<CO>0.96</CO>
<County>臺北市</County>
<FPMI>3</FPMI>
<MajorPollutant>懸浮微粒</MajorPollutant>
<NO>10.46</NO>
<NO2>25</NO2>
<NOx>35.88</NOx>
<O3/>
<PM10>83</PM10>
<PM2.5>29</PM2.5>
<PSI>63</PSI>
<PublishTime>2016-02-22 17:00</PublishTime>
<SiteName>大同</SiteName>
<SO2>2.1</SO2>
<Status>普通</Status>
<WindDirec/>
<WindSpeed/>
</Data>
<Data>
<CO>0.48</CO>
<County>桃園市</County>
<FPMI>2</FPMI>
<MajorPollutant>懸浮微粒</MajorPollutant>
<NO>3.74</NO>
<NO2>24</NO2>
<NOx>27.39</NOx>
<O3>33</O3>
<PM10>71</PM10>
<PM2.5>25</PM2.5>
<PSI>54</PSI>
<PublishTime>2016-02-22 17:00</PublishTime>
<SiteName>桃園</SiteName>
<SO2>3.5</SO2>
<Status>普通</Status>
<WindDirec>285</WindDirec>
<WindSpeed>0.8</WindSpeed>
</Data>
<Data>
<CO>0.35</CO>
<County>桃園市</County>
<FPMI>3</FPMI>
<MajorPollutant>懸浮微粒</MajorPollutant>
<NO>2.82</NO>
<NO2>20</NO2>
<NOx>22.65</NOx>
<O3>30</O3>
<PM10>59</PM10>
<PM2.5>26</PM2.5>
<PSI>55</PSI>
<PublishTime>2016-02-22 17:00</PublishTime>
<SiteName>大園</SiteName>
<SO2>1.5</SO2>
<Status>普通</Status>
<WindDirec>321</WindDirec>
<WindSpeed>3.5</WindSpeed>
</Data>
<Data>
<CO>0.33</CO>
<County>桃園市</County>
<FPMI>3</FPMI>
<MajorPollutant>懸浮微粒</MajorPollutant>
<NO/>
<NO2/>
<NOx/>
<O3>44</O3>
<PM10>44</PM10>
<PM2.5>24</PM2.5>
<PSI>54</PSI>
<PublishTime>2016-02-22 17:00</PublishTime>
<SiteName>觀音</SiteName>
<SO2>1.9</SO2>
<Status>普通</Status>
<WindDirec>60</WindDirec>
<WindSpeed>2.2</WindSpeed>
</Data>
<Data>
<CO>0.37</CO>
<County>桃園市</County>
<FPMI>3</FPMI>
<MajorPollutant>懸浮微粒</MajorPollutant>
<NO>1.62</NO>
<NO2>18</NO2>
<NOx>19.23</NOx>
<O3>31</O3>
<PM10>63</PM10>
<PM2.5>26</PM2.5>
<PSI>53</PSI>
<PublishTime>2016-02-22 17:00</PublishTime>
<SiteName>平鎮</SiteName>
<SO2>2.7</SO2>
<Status>普通</Status>
<WindDirec>15</WindDirec>
<WindSpeed>1.8</WindSpeed>
</Data>
<Data>
<CO>0.44</CO>
<County>桃園市</County>
<FPMI>3</FPMI>
<MajorPollutant/>
<NO>2.36</NO>
<NO2>18</NO2>
<NOx>20.17</NOx>
<O3>36</O3>
<PM10>77</PM10>
<PM2.5>25</PM2.5>
<PSI>0</PSI>
<PublishTime>2016-02-22 17:00</PublishTime>
<SiteName>龍潭</SiteName>
<SO2>1.6</SO2>
<Status/>
<WindDirec>31</WindDirec>
<WindSpeed>2</WindSpeed>
</Data>
<Data>
<CO>0.26</CO>
<County>新竹縣</County>
<FPMI>3</FPMI>
<MajorPollutant>懸浮微粒</MajorPollutant>
<NO>1.57</NO>
<NO2>5</NO2>
<NOx>6.61</NOx>
<O3>52</O3>
<PM10>57</PM10>
<PM2.5>30</PM2.5>
<PSI>56</PSI>
<PublishTime>2016-02-22 17:00</PublishTime>
<SiteName>湖口</SiteName>
<SO2>1.8</SO2>
<Status>普通</Status>
<WindDirec>42</WindDirec>
<WindSpeed>3.2</WindSpeed>
</Data>
<Data>
<CO>0.4</CO>
<County>新竹縣</County>
<FPMI>4</FPMI>
<MajorPollutant>懸浮微粒</MajorPollutant>
<NO>2.2</NO>
<NO2>17</NO2>
<NOx>19.2</NOx>
<O3>33</O3>
<PM10>78</PM10>
<PM2.5>39</PM2.5>
<PSI>61</PSI>
<PublishTime>2016-02-22 17:00</PublishTime>
<SiteName>竹東</SiteName>
<SO2>0.8</SO2>
<Status>普通</Status>
<WindDirec>320</WindDirec>
<WindSpeed>2.4</WindSpeed>
</Data>
<Data>
<CO>0.4</CO>
<County>新竹市</County>
<FPMI>2</FPMI>
<MajorPollutant>懸浮微粒</MajorPollutant>
<NO>5.17</NO>
<NO2>12</NO2>
<NOx>17.01</NOx>
<O3>48</O3>
<PM10>51</PM10>
<PM2.5>20</PM2.5>
<PSI>55</PSI>
<PublishTime>2016-02-22 17:00</PublishTime>
<SiteName>新竹</SiteName>
<SO2>1.6</SO2>
<Status>普通</Status>
<WindDirec>55</WindDirec>
<WindSpeed>2</WindSpeed>
</Data>
<Data>
<CO>0.42</CO>
<County>苗栗縣</County>
<FPMI>3</FPMI>
<MajorPollutant>懸浮微粒</MajorPollutant>
<NO>1.18</NO>
<NO2>11</NO2>
<NOx>12.65</NOx>
<O3>49</O3>
<PM10>59</PM10>
<PM2.5>25</PM2.5>
<PSI>58</PSI>
<PublishTime>2016-02-22 17:00</PublishTime>
<SiteName>頭份</SiteName>
<SO2>0.3</SO2>
<Status>普通</Status>
<WindDirec>71</WindDirec>
<WindSpeed>2.2</WindSpeed>
</Data>
<Data>
<CO>0.41</CO>
<County>苗栗縣</County>
<FPMI>4</FPMI>
<MajorPollutant>懸浮微粒</MajorPollutant>
<NO>1.56</NO>
<NO2>13</NO2>
<NOx>14.42</NOx>
<O3>46</O3>
<PM10>82</PM10>
<PM2.5>39</PM2.5>
<PSI>68</PSI>
<PublishTime>2016-02-22 17:00</PublishTime>
<SiteName>苗栗</SiteName>
<SO2>1.1</SO2>
<Status>普通</Status>
<WindDirec>60</WindDirec>
<WindSpeed>2.9</WindSpeed>
</Data>
<Data>
<CO>0.34</CO>
<County>苗栗縣</County>
<FPMI>3</FPMI>
<MajorPollutant>懸浮微粒</MajorPollutant>
<NO>.75</NO>
<NO2>11</NO2>
<NOx>11.4</NOx>
<O3>40</O3>
<PM10>58</PM10>
<PM2.5>27</PM2.5>
<PSI>62</PSI>
<PublishTime>2016-02-22 17:00</PublishTime>
<SiteName>三義</SiteName>
<SO2>1.4</SO2>
<Status>普通</Status>
<WindDirec>37</WindDirec>
<WindSpeed>3.9</WindSpeed>
</Data>
<Data>
<CO>0.5</CO>
<County>臺中市</County>
<FPMI>8</FPMI>
<MajorPollutant>懸浮微粒</MajorPollutant>
<NO>6.98</NO>
<NO2>26</NO2>
<NOx>32.57</NOx>
<O3>32</O3>
<PM10>90</PM10>
<PM2.5>53</PM2.5>
<PSI>66</PSI>
<PublishTime>2016-02-22 17:00</PublishTime>
<SiteName>豐原</SiteName>
<SO2>4.2</SO2>
<Status>普通</Status>
<WindDirec>313</WindDirec>
<WindSpeed>1.9</WindSpeed>
</Data>
<Data>
<CO>0.35</CO>
<County>臺中市</County>
<FPMI>3</FPMI>
<MajorPollutant>懸浮微粒</MajorPollutant>
<NO>1.38</NO>
<NO2>12</NO2>
<NOx>13.07</NOx>
<O3>52</O3>
<PM10>73</PM10>
<PM2.5>36</PM2.5>
<PSI>64</PSI>
<PublishTime>2016-02-22 17:00</PublishTime>
<SiteName>沙鹿</SiteName>
<SO2/>
<Status>普通</Status>
<WindDirec>19</WindDirec>
<WindSpeed>4.8</WindSpeed>
</Data>
<Data>
<CO>0.6</CO>
<County>臺中市</County>
<FPMI>6</FPMI>
<MajorPollutant>懸浮微粒</MajorPollutant>
<NO>3.67</NO>
<NO2>25</NO2>
<NOx>28.35</NOx>
<O3>41</O3>
<PM10>102</PM10>
<PM2.5>45</PM2.5>
<PSI>92</PSI>
<PublishTime>2016-02-22 17:00</PublishTime>
<SiteName>大里</SiteName>
<SO2>1.3</SO2>
<Status>普通</Status>
<WindDirec>307</WindDirec>
<WindSpeed>2.4</WindSpeed>
</Data>
<Data>
<CO>0.4</CO>
<County>臺中市</County>
<FPMI>4</FPMI>
<MajorPollutant>懸浮微粒</MajorPollutant>
<NO>2.34</NO>
<NO2>19</NO2>
<NOx>21.12</NOx>
<O3>44</O3>
<PM10>97</PM10>
<PM2.5>38</PM2.5>
<PSI>76</PSI>
<PublishTime>2016-02-22 17:00</PublishTime>
<SiteName>忠明</SiteName>
<SO2>0.7</SO2>
<Status>普通</Status>
<WindDirec>322</WindDirec>
<WindSpeed>2.7</WindSpeed>
</Data>
<Data>
<CO>0.36</CO>
<County>臺中市</County>
<FPMI>5</FPMI>
<MajorPollutant>懸浮微粒</MajorPollutant>
<NO>1.56</NO>
<NO2>15</NO2>
<NOx>16.94</NOx>
<O3>49</O3>
<PM10>97</PM10>
<PM2.5>42</PM2.5>
<PSI>73</PSI>
<PublishTime>2016-02-22 17:00</PublishTime>
<SiteName>西屯</SiteName>
<SO2>1.9</SO2>
<Status>普通</Status>
<WindDirec>61</WindDirec>
<WindSpeed>3.1</WindSpeed>
</Data>
<Data>
<CO>0.41</CO>
<County>彰化縣</County>
<FPMI>5</FPMI>
<MajorPollutant>懸浮微粒</MajorPollutant>
<NO>1.55</NO>
<NO2>12</NO2>
<NOx>13.13</NOx>
<O3>48</O3>
<PM10>61</PM10>
<PM2.5>31</PM2.5>
<PSI>67</PSI>
<PublishTime>2016-02-22 17:00</PublishTime>
<SiteName>彰化</SiteName>
<SO2/>
<Status>普通</Status>
<WindDirec>73</WindDirec>
<WindSpeed>3.2</WindSpeed>
</Data>
<Data>
<CO>0.38</CO>
<County>彰化縣</County>
<FPMI>4</FPMI>
<MajorPollutant>懸浮微粒</MajorPollutant>
<NO>1.12</NO>
<NO2>12</NO2>
<NOx>12.96</NOx>
<O3>53</O3>
<PM10>83</PM10>
<PM2.5>36</PM2.5>
<PSI>65</PSI>
<PublishTime>2016-02-22 17:00</PublishTime>
<SiteName>線西</SiteName>
<SO2>3.5</SO2>
<Status>普通</Status>
<WindDirec>39</WindDirec>
<WindSpeed>5.1</WindSpeed>
</Data>
<Data>
<CO>0.41</CO>
<County>彰化縣</County>
<FPMI>3</FPMI>
<MajorPollutant>懸浮微粒</MajorPollutant>
<NO>.99</NO>
<NO2>12</NO2>
<NOx>12.82</NOx>
<O3>54</O3>
<PM10>69</PM10>
<PM2.5>35</PM2.5>
<PSI>72</PSI>
<PublishTime>2016-02-22 17:00</PublishTime>
<SiteName>二林</SiteName>
<SO2>4.6</SO2>
<Status>普通</Status>
<WindDirec>43</WindDirec>
<WindSpeed>4.6</WindSpeed>
</Data>
<Data>
<CO>0.61</CO>
<County>南投縣</County>
<FPMI>9</FPMI>
<MajorPollutant>懸浮微粒</MajorPollutant>
<NO>6.67</NO>
<NO2>33</NO2>
<NOx>39.66</NOx>
<O3>37</O3>
<PM10>113</PM10>
<PM2.5>52</PM2.5>
<PSI>86</PSI>
<PublishTime>2016-02-22 17:00</PublishTime>
<SiteName>南投</SiteName>
<SO2>1.8</SO2>
<Status>普通</Status>
<WindDirec>103</WindDirec>
<WindSpeed>1.8</WindSpeed>
</Data>
<Data>
<CO>0.57</CO>
<County>雲林縣</County>
<FPMI>10</FPMI>
<MajorPollutant>懸浮微粒</MajorPollutant>
<NO>2.15</NO>
<NO2>16</NO2>
<NOx>18.55</NOx>
<O3>52</O3>
<PM10>94</PM10>
<PM2.5>65</PM2.5>
<PSI>82</PSI>
<PublishTime>2016-02-22 17:00</PublishTime>
<SiteName>斗六</SiteName>
<SO2>5</SO2>
<Status>普通</Status>
<WindDirec>40</WindDirec>
<WindSpeed>3.1</WindSpeed>
</Data>
<Data>
<CO>0.4</CO>
<County>雲林縣</County>
<FPMI>7</FPMI>
<MajorPollutant>懸浮微粒</MajorPollutant>
<NO>.46</NO>
<NO2>11</NO2>
<NOx>11.22</NOx>
<O3>57</O3>
<PM10>86</PM10>
<PM2.5>55</PM2.5>
<PSI>80</PSI>
<PublishTime>2016-02-22 17:00</PublishTime>
<SiteName>崙背</SiteName>
<SO2>2.2</SO2>
<Status>普通</Status>
<WindDirec>64</WindDirec>
<WindSpeed>4.1</WindSpeed>
</Data>
<Data>
<CO>0.46</CO>
<County>嘉義縣</County>
<FPMI>8</FPMI>
<MajorPollutant>懸浮微粒</MajorPollutant>
<NO>1.64</NO>
<NO2>7.4</NO2>
<NOx>9.04</NOx>
<O3>63</O3>
<PM10>130</PM10>
<PM2.5>59</PM2.5>
<PSI>94</PSI>
<PublishTime>2016-02-22 17:00</PublishTime>
<SiteName>新港</SiteName>
<SO2>2.7</SO2>
<Status>普通</Status>
<WindDirec>306</WindDirec>
<WindSpeed>4.4</WindSpeed>
</Data>
<Data>
<CO>0.4</CO>
<County>嘉義縣</County>
<FPMI>8</FPMI>
<MajorPollutant>懸浮微粒</MajorPollutant>
<NO>.72</NO>
<NO2>9.6</NO2>
<NOx>10.27</NOx>
<O3>64</O3>
<PM10>134</PM10>
<PM2.5>53</PM2.5>
<PSI>94</PSI>
<PublishTime>2016-02-22 17:00</PublishTime>
<SiteName>朴子</SiteName>
<SO2>2.7</SO2>
<Status>普通</Status>
<WindDirec>49</WindDirec>
<WindSpeed>3.2</WindSpeed>
</Data>
<Data>
<CO>0.29</CO>
<County>雲林縣</County>
<FPMI>4</FPMI>
<MajorPollutant/>
<NO>1.01</NO>
<NO2>5.8</NO2>
<NOx>6.84</NOx>
<O3>65</O3>
<PM10/>
<PM2.5>39</PM2.5>
<PSI>0</PSI>
<PublishTime>2016-02-22 17:00</PublishTime>
<SiteName>臺西</SiteName>
<SO2>1.6</SO2>
<Status/>
<WindDirec>29</WindDirec>
<WindSpeed>7.3</WindSpeed>
</Data>
<Data>
<CO>0.53</CO>
<County>嘉義市</County>
<FPMI>10</FPMI>
<MajorPollutant>懸浮微粒</MajorPollutant>
<NO>2.68</NO>
<NO2>15</NO2>
<NOx>17.37</NOx>
<O3>57</O3>
<PM10>128</PM10>
<PM2.5>71</PM2.5>
<PSI>98</PSI>
<PublishTime>2016-02-22 17:00</PublishTime>
<SiteName>嘉義</SiteName>
<SO2>10</SO2>
<Status>普通</Status>
<WindDirec>324</WindDirec>
<WindSpeed>4.8</WindSpeed>
</Data>
<Data>
<CO>0.45</CO>
<County>臺南市</County>
<FPMI>6</FPMI>
<MajorPollutant>懸浮微粒</MajorPollutant>
<NO>1.4</NO>
<NO2>12</NO2>
<NOx>13.82</NOx>
<O3>60</O3>
<PM10>115</PM10>
<PM2.5>41</PM2.5>
<PSI>91</PSI>
<PublishTime>2016-02-22 17:00</PublishTime>
<SiteName>新營</SiteName>
<SO2>2.8</SO2>
<Status>普通</Status>
<WindDirec>19</WindDirec>
<WindSpeed>3.4</WindSpeed>
</Data>
<Data>
<CO>0.37</CO>
<County>臺南市</County>
<FPMI>7</FPMI>
<MajorPollutant>懸浮微粒</MajorPollutant>
<NO/>
<NO2/>
<NOx/>
<O3>60</O3>
<PM10>104</PM10>
<PM2.5>35</PM2.5>
<PSI>81</PSI>
<PublishTime>2016-02-22 17:00</PublishTime>
<SiteName>善化</SiteName>
<SO2>2.6</SO2>
<Status>普通</Status>
<WindDirec>309</WindDirec>
<WindSpeed>2.4</WindSpeed>
</Data>
<Data>
<CO>0.4</CO>
<County>臺南市</County>
<FPMI>7</FPMI>
<MajorPollutant>懸浮微粒</MajorPollutant>
<NO>.1</NO>
<NO2>10</NO2>
<NOx>10.22</NOx>
<O3>62</O3>
<PM10>94</PM10>
<PM2.5>39</PM2.5>
<PSI>80</PSI>
<PublishTime>2016-02-22 17:00</PublishTime>
<SiteName>安南</SiteName>
<SO2>2.4</SO2>
<Status>普通</Status>
<WindDirec>315</WindDirec>
<WindSpeed>2.7</WindSpeed>
</Data>
<Data>
<CO>0.59</CO>
<County>臺南市</County>
<FPMI>8</FPMI>
<MajorPollutant>懸浮微粒</MajorPollutant>
<NO>1.47</NO>
<NO2>16</NO2>
<NOx>17.11</NOx>
<O3>66</O3>
<PM10>87</PM10>
<PM2.5>43</PM2.5>
<PSI>78</PSI>
<PublishTime>2016-02-22 17:00</PublishTime>
<SiteName>臺南</SiteName>
<SO2>2.1</SO2>
<Status>普通</Status>
<WindDirec>327</WindDirec>
<WindSpeed>2.2</WindSpeed>
</Data>
<Data>
<CO>0.47</CO>
<County>高雄市</County>
<FPMI>4</FPMI>
<MajorPollutant>臭氧</MajorPollutant>
<NO>1.45</NO>
<NO2>11</NO2>
<NOx>12.88</NOx>
<O3>86</O3>
<PM10>87</PM10>
<PM2.5>54</PM2.5>
<PSI>71</PSI>
<PublishTime>2016-02-22 17:00</PublishTime>
<SiteName>美濃</SiteName>
<SO2>3.6</SO2>
<Status>普通</Status>
<WindDirec>283</WindDirec>
<WindSpeed>1.5</WindSpeed>
</Data>
<Data>
<CO>0.51</CO>
<County>高雄市</County>
<FPMI>5</FPMI>
<MajorPollutant>懸浮微粒</MajorPollutant>
<NO>2.14</NO>
<NO2>20</NO2>
<NOx>21.82</NOx>
<O3>61</O3>
<PM10>99</PM10>
<PM2.5>42</PM2.5>
<PSI>76</PSI>
<PublishTime>2016-02-22 17:00</PublishTime>
<SiteName>橋頭</SiteName>
<SO2>5.9</SO2>
<Status>普通</Status>
<WindDirec>304</WindDirec>
<WindSpeed>2.8</WindSpeed>
</Data>
<Data>
<CO>0.55</CO>
<County>高雄市</County>
<FPMI>5</FPMI>
<MajorPollutant>懸浮微粒</MajorPollutant>
<NO>3.39</NO>
<NO2>42</NO2>
<NOx>45.77</NOx>
<O3>62</O3>
<PM10>118</PM10>
<PM2.5>46</PM2.5>
<PSI>80</PSI>
<PublishTime>2016-02-22 17:00</PublishTime>
<SiteName>仁武</SiteName>
<SO2>5.3</SO2>
<Status>普通</Status>
<WindDirec>283</WindDirec>
<WindSpeed>1.8</WindSpeed>
</Data>
<Data>
<CO>0.73</CO>
<County>高雄市</County>
<FPMI>6</FPMI>
<MajorPollutant>懸浮微粒</MajorPollutant>
<NO>1.54</NO>
<NO2>20</NO2>
<NOx>21.35</NOx>
<O3>82</O3>
<PM10>124</PM10>
<PM2.5>50</PM2.5>
<PSI>86</PSI>
<PublishTime>2016-02-22 17:00</PublishTime>
<SiteName>鳳山</SiteName>
<SO2>5</SO2>
<Status>普通</Status>
<WindDirec>286</WindDirec>
<WindSpeed>1.9</WindSpeed>
</Data>
<Data>
<CO>0.75</CO>
<County>高雄市</County>
<FPMI>6</FPMI>
<MajorPollutant>臭氧</MajorPollutant>
<NO>1.99</NO>
<NO2>32</NO2>
<NOx>34.09</NOx>
<O3>95</O3>
<PM10>105</PM10>
<PM2.5>53</PM2.5>
<PSI>79</PSI>
<PublishTime>2016-02-22 17:00</PublishTime>
<SiteName>大寮</SiteName>
<SO2>9.4</SO2>
<Status>普通</Status>
<WindDirec>264</WindDirec>
<WindSpeed>1.8</WindSpeed>
</Data>
<Data>
<CO>0.37</CO>
<County>高雄市</County>
<FPMI>5</FPMI>
<MajorPollutant>臭氧</MajorPollutant>
<NO>1.17</NO>
<NO2>16</NO2>
<NOx>16.97</NOx>
<O3>96</O3>
<PM10>61</PM10>
<PM2.5>50</PM2.5>
<PSI>80</PSI>
<PublishTime>2016-02-22 17:00</PublishTime>
<SiteName>林園</SiteName>
<SO2>8.6</SO2>
<Status>普通</Status>
<WindDirec>280</WindDirec>
<WindSpeed>2.6</WindSpeed>
</Data>
<Data>
<CO>0.56</CO>
<County>高雄市</County>
<FPMI>6</FPMI>
<MajorPollutant>懸浮微粒</MajorPollutant>
<NO>2.87</NO>
<NO2>21</NO2>
<NOx>23.5</NOx>
<O3/>
<PM10/>
<PM2.5/>
<PSI>82</PSI>
<PublishTime>2016-02-22 17:00</PublishTime>
<SiteName>楠梓</SiteName>
<SO2>5.4</SO2>
<Status>普通</Status>
<WindDirec>268</WindDirec>
<WindSpeed>2.4</WindSpeed>
</Data>
<Data>
<CO>0.4</CO>
<County>高雄市</County>
<FPMI>7</FPMI>
<MajorPollutant>懸浮微粒</MajorPollutant>
<NO>1.07</NO>
<NO2>13</NO2>
<NOx>14.4</NOx>
<O3>84</O3>
<PM10>103</PM10>
<PM2.5>42</PM2.5>
<PSI>76</PSI>
<PublishTime>2016-02-22 17:00</PublishTime>
<SiteName>左營</SiteName>
<SO2>3.6</SO2>
<Status>普通</Status>
<WindDirec>310</WindDirec>
<WindSpeed>3</WindSpeed>
</Data>
<Data>
<CO>0.47</CO>
<County>高雄市</County>
<FPMI>5</FPMI>
<MajorPollutant>懸浮微粒</MajorPollutant>
<NO>.69</NO>
<NO2>11</NO2>
<NOx>11.71</NOx>
<O3>84</O3>
<PM10>95</PM10>
<PM2.5>43</PM2.5>
<PSI>76</PSI>
<PublishTime>2016-02-22 17:00</PublishTime>
<SiteName>前金</SiteName>
<SO2>3.5</SO2>
<Status>普通</Status>
<WindDirec>319</WindDirec>
<WindSpeed>3</WindSpeed>
</Data>
<Data>
<CO/>
<County>高雄市</County>
<FPMI>4</FPMI>
<MajorPollutant>懸浮微粒</MajorPollutant>
<NO/>
<NO2/>
<NOx/>
<O3>80</O3>
<PM10>84</PM10>
<PM2.5>37</PM2.5>
<PSI>68</PSI>
<PublishTime>2016-02-22 17:00</PublishTime>
<SiteName>前鎮</SiteName>
<SO2/>
<Status>普通</Status>
<WindDirec>304</WindDirec>
<WindSpeed>1.9</WindSpeed>
</Data>
<Data>
<CO/>
<County>高雄市</County>
<FPMI>5</FPMI>
<MajorPollutant>懸浮微粒</MajorPollutant>
<NO/>
<NO2/>
<NOx/>
<O3/>
<PM10/>
<PM2.5/>
<PSI>73</PSI>
<PublishTime>2016-02-22 17:00</PublishTime>
<SiteName>小港</SiteName>
<SO2/>
<Status>普通</Status>
<WindDirec>277</WindDirec>
<WindSpeed>2.3</WindSpeed>
</Data>
<Data>
<CO>0.6</CO>
<County>屏東縣</County>
<FPMI>7</FPMI>
<MajorPollutant>臭氧</MajorPollutant>
<NO>1.43</NO>
<NO2>24</NO2>
<NOx>25.41</NOx>
<O3>97</O3>
<PM10>131</PM10>
<PM2.5>70</PM2.5>
<PSI>81</PSI>
<PublishTime>2016-02-22 17:00</PublishTime>
<SiteName>屏東</SiteName>
<SO2>7.1</SO2>
<Status>普通</Status>
<WindDirec>288</WindDirec>
<WindSpeed>2.5</WindSpeed>
</Data>
<Data>
<CO>0.58</CO>
<County>屏東縣</County>
<FPMI>8</FPMI>
<MajorPollutant>臭氧</MajorPollutant>
<NO>.63</NO>
<NO2>17</NO2>
<NOx>17.73</NOx>
<O3>107</O3>
<PM10>128</PM10>
<PM2.5>66</PM2.5>
<PSI>89</PSI>
<PublishTime>2016-02-22 17:00</PublishTime>
<SiteName>潮州</SiteName>
<SO2>9.3</SO2>
<Status>普通</Status>
<WindDirec>238</WindDirec>
<WindSpeed>2.5</WindSpeed>
</Data>
<Data>
<CO>0.2</CO>
<County>屏東縣</County>
<FPMI>1</FPMI>
<MajorPollutant/>
<NO>1.59</NO>
<NO2>1.5</NO2>
<NOx>3.09</NOx>
<O3>50</O3>
<PM10>48</PM10>
<PM2.5>13</PM2.5>
<PSI>41</PSI>
<PublishTime>2016-02-22 17:00</PublishTime>
<SiteName>恆春</SiteName>
<SO2>1.1</SO2>
<Status>良好</Status>
<WindDirec>32</WindDirec>
<WindSpeed>6.5</WindSpeed>
</Data>
<Data>
<CO>0.72</CO>
<County>臺東縣</County>
<FPMI>2</FPMI>
<MajorPollutant/>
<NO>2.59</NO>
<NO2>9.8</NO2>
<NOx>12.38</NOx>
<O3>37</O3>
<PM10>36</PM10>
<PM2.5>18</PM2.5>
<PSI>31</PSI>
<PublishTime>2016-02-22 17:00</PublishTime>
<SiteName>臺東</SiteName>
<SO2>4</SO2>
<Status>良好</Status>
<WindDirec>157</WindDirec>
<WindSpeed>1.4</WindSpeed>
</Data>
<Data>
<CO>0.35</CO>
<County>花蓮縣</County>
<FPMI>2</FPMI>
<MajorPollutant/>
<NO>1.84</NO>
<NO2>5.3</NO2>
<NOx>7.17</NOx>
<O3>45</O3>
<PM10>39</PM10>
<PM2.5>13</PM2.5>
<PSI>37</PSI>
<PublishTime>2016-02-22 17:00</PublishTime>
<SiteName>花蓮</SiteName>
<SO2>1.6</SO2>
<Status>良好</Status>
<WindDirec>163</WindDirec>
<WindSpeed>2</WindSpeed>
</Data>
<Data>
<CO>0.38</CO>
<County>臺北市</County>
<FPMI>2</FPMI>
<MajorPollutant/>
<NO>.79</NO>
<NO2>8.5</NO2>
<NOx>9.27</NOx>
<O3>46</O3>
<PM10>28</PM10>
<PM2.5>24</PM2.5>
<PSI>38</PSI>
<PublishTime>2016-02-22 17:00</PublishTime>
<SiteName>陽明</SiteName>
<SO2>1.9</SO2>
<Status>良好</Status>
<WindDirec/>
<WindSpeed/>
</Data>
<Data>
<CO>0.38</CO>
<County>宜蘭縣</County>
<FPMI>2</FPMI>
<MajorPollutant/>
<NO>.58</NO>
<NO2>7.6</NO2>
<NOx>8.2</NOx>
<O3>48</O3>
<PM10>39</PM10>
<PM2.5>14</PM2.5>
<PSI>40</PSI>
<PublishTime>2016-02-22 17:00</PublishTime>
<SiteName>宜蘭</SiteName>
<SO2>1.9</SO2>
<Status>良好</Status>
<WindDirec>62</WindDirec>
<WindSpeed>2</WindSpeed>
</Data>
<Data>
<CO>0.37</CO>
<County>宜蘭縣</County>
<FPMI>2</FPMI>
<MajorPollutant/>
<NO>4.28</NO>
<NO2>17</NO2>
<NOx>21.14</NOx>
<O3>47</O3>
<PM10>51</PM10>
<PM2.5>9</PM2.5>
<PSI>46</PSI>
<PublishTime>2016-02-22 17:00</PublishTime>
<SiteName>冬山</SiteName>
<SO2>2.1</SO2>
<Status>良好</Status>
<WindDirec>314</WindDirec>
<WindSpeed>2.3</WindSpeed>
</Data>
<Data>
<CO>1.73</CO>
<County>新北市</County>
<FPMI>3</FPMI>
<MajorPollutant>懸浮微粒</MajorPollutant>
<NO>91.94</NO>
<NO2>50</NO2>
<NOx>141.95</NOx>
<O3/>
<PM10>84</PM10>
<PM2.5>25</PM2.5>
<PSI>64</PSI>
<PublishTime>2016-02-22 17:00</PublishTime>
<SiteName>三重</SiteName>
<SO2>2.8</SO2>
<Status>普通</Status>
<WindDirec/>
<WindSpeed/>
</Data>
<Data>
<CO>0.85</CO>
<County>桃園市</County>
<FPMI>3</FPMI>
<MajorPollutant>懸浮微粒</MajorPollutant>
<NO>11.69</NO>
<NO2>27</NO2>
<NOx>38.37</NOx>
<O3>30</O3>
<PM10>60</PM10>
<PM2.5>22</PM2.5>
<PSI>59</PSI>
<PublishTime>2016-02-22 17:00</PublishTime>
<SiteName>中壢</SiteName>
<SO2>1.8</SO2>
<Status>普通</Status>
<WindDirec>340</WindDirec>
<WindSpeed>1</WindSpeed>
</Data>
<Data>
<CO>0.46</CO>
<County>南投縣</County>
<FPMI>8</FPMI>
<MajorPollutant>懸浮微粒</MajorPollutant>
<NO/>
<NO2/>
<NOx/>
<O3>52</O3>
<PM10>139</PM10>
<PM2.5>59</PM2.5>
<PSI>90</PSI>
<PublishTime>2016-02-22 17:00</PublishTime>
<SiteName>竹山</SiteName>
<SO2>4.1</SO2>
<Status>普通</Status>
<WindDirec>286</WindDirec>
<WindSpeed>1.6</WindSpeed>
</Data>
<Data>
<CO>1.1</CO>
<County>新北市</County>
<FPMI>3</FPMI>
<MajorPollutant>懸浮微粒</MajorPollutant>
<NO>24.72</NO>
<NO2>40</NO2>
<NOx>64.4</NOx>
<O3>20</O3>
<PM10>61</PM10>
<PM2.5>32</PM2.5>
<PSI>55</PSI>
<PublishTime>2016-02-22 17:00</PublishTime>
<SiteName>永和</SiteName>
<SO2>3.1</SO2>
<Status>普通</Status>
<WindDirec>16</WindDirec>
<WindSpeed>0.9</WindSpeed>
</Data>
<Data>
<CO>0.74</CO>
<County>高雄市</County>
<FPMI>5</FPMI>
<MajorPollutant>懸浮微粒</MajorPollutant>
<NO>.47</NO>
<NO2>23</NO2>
<NOx>23.75</NOx>
<O3>84</O3>
<PM10>104</PM10>
<PM2.5>44</PM2.5>
<PSI>77</PSI>
<PublishTime>2016-02-22 17:00</PublishTime>
<SiteName>復興</SiteName>
<SO2>5</SO2>
<Status>普通</Status>
<WindDirec>282</WindDirec>
<WindSpeed>1.1</WindSpeed>
</Data>
<Data>
<CO>0.58</CO>
<County>南投縣</County>
<FPMI>6</FPMI>
<MajorPollutant>臭氧</MajorPollutant>
<NO>.88</NO>
<NO2>16</NO2>
<NOx>17.14</NOx>
<O3>92</O3>
<PM10>100</PM10>
<PM2.5>65</PM2.5>
<PSI>76</PSI>
<PublishTime>2016-02-22 17:00</PublishTime>
<SiteName>埔里</SiteName>
<SO2>1.9</SO2>
<Status>普通</Status>
<WindDirec>123</WindDirec>
<WindSpeed>3.1</WindSpeed>
</Data>
<Data>
<CO>0.35</CO>
<County>連江縣</County>
<FPMI>2</FPMI>
<MajorPollutant/>
<NO>1.35</NO>
<NO2>6.4</NO2>
<NOx>7.76</NOx>
<O3>42</O3>
<PM10>12</PM10>
<PM2.5>11</PM2.5>
<PSI>35</PSI>
<PublishTime>2016-02-22 17:00</PublishTime>
<SiteName>馬祖</SiteName>
<SO2>1.3</SO2>
<Status>良好</Status>
<WindDirec>185</WindDirec>
<WindSpeed>0.9</WindSpeed>
</Data>
<Data>
<CO>0.5</CO>
<County>金門縣</County>
<FPMI>4</FPMI>
<MajorPollutant>懸浮微粒</MajorPollutant>
<NO>2.17</NO>
<NO2>26</NO2>
<NOx>28.32</NOx>
<O3>25</O3>
<PM10>155</PM10>
<PM2.5>53</PM2.5>
<PSI>87</PSI>
<PublishTime>2016-02-22 17:00</PublishTime>
<SiteName>金門</SiteName>
<SO2>6.9</SO2>
<Status>普通</Status>
<WindDirec>37</WindDirec>
<WindSpeed>1.1</WindSpeed>
</Data>
<Data>
<CO>0.34</CO>
<County>澎湖縣</County>
<FPMI>3</FPMI>
<MajorPollutant>懸浮微粒</MajorPollutant>
<NO>1.07</NO>
<NO2>5.9</NO2>
<NOx>6.95</NOx>
<O3>56</O3>
<PM10>52</PM10>
<PM2.5>25</PM2.5>
<PSI>62</PSI>
<PublishTime>2016-02-22 17:00</PublishTime>
<SiteName>馬公</SiteName>
<SO2>1.3</SO2>
<Status>普通</Status>
<WindDirec>81</WindDirec>
<WindSpeed>3.9</WindSpeed>
</Data>
<Data>
<CO/>
<County>臺東縣</County>
<FPMI>2</FPMI>
<MajorPollutant/>
<NO>1.93</NO>
<NO2>8.4</NO2>
<NOx>10.32</NOx>
<O3>36</O3>
<PM10>34</PM10>
<PM2.5>16</PM2.5>
<PSI>30</PSI>
<PublishTime>2016-02-22 17:00</PublishTime>
<SiteName>關山</SiteName>
<SO2>1.2</SO2>
<Status>良好</Status>
<WindDirec>191</WindDirec>
<WindSpeed>1.8</WindSpeed>
</Data>
<Data>
<CO>0.38</CO>
<County>雲林縣</County>
<FPMI>5</FPMI>
<MajorPollutant>懸浮微粒</MajorPollutant>
<NO>2</NO>
<NO2>6.2</NO2>
<NOx>8.24</NOx>
<O3>63</O3>
<PM10>98</PM10>
<PM2.5>59</PM2.5>
<PSI>80</PSI>
<PublishTime>2016-02-22 17:00</PublishTime>
<SiteName>麥寮</SiteName>
<SO2>6.1</SO2>
<Status>普通</Status>
<WindDirec>60</WindDirec>
<WindSpeed>5.3</WindSpeed>
</Data>
</AQX>