[{"CO":"0.33","County":"基隆市","FPMI":"2","MajorPollutant":"","NO":"1.26","NO2":"16","NOx":"17.06","O3":"38","PM10":"43","PM2.5":"22","PSI":"44","PublishTime":"2016-02-22 18:00","SiteName":"基隆","SO2":"5.6","Status":"良好","WindDirec":"318","WindSpeed":"0.8"},{"CO":"0.57","County":"新北市","FPMI":"3","MajorPollutant":"懸浮微粒","NO":"2.92","NO2":"33","NOx":"35.66","O3":"24","PM10":"69","PM2.5":"28","PSI":"58","PublishTime":"2016-02-22 18:00","SiteName":"汐止","SO2":"3.2","Status":"普通","WindDirec":"251","WindSpeed":"2"},{"CO":"0.29","County":"新北市","FPMI":"2","MajorPollutant":"懸浮微粒","NO":"1.77","NO2":"7.5","NOx":"9.29","O3":"44","PM10":"51","PM2.5":"21","PSI":"54","PublishTime":"2016-02-22 18:00","SiteName":"萬里","SO2":"2.3","Status":"普通","WindDirec":"312","WindSpeed":"3.2"},{"CO":"0.63","County":"新北市","FPMI":"3","MajorPollutant":"懸浮微粒","NO":"1.86","NO2":"32","NOx":"33.73","O3":"19","PM10":"78","PM2.5":"35","PSI":"58","PublishTime":"2016-02-22 18:00","SiteName":"新店","SO2":"3.9","Status":"普通","WindDirec":"289","WindSpeed":"3.2"},{"CO":"0.58","County":"新北市","FPMI":"3","MajorPollutant":"懸浮微粒","NO":"1.91","NO2":"24","NOx":"26.25","O3":"29","PM10":"70","PM2.5":"26","PSI":"58","PublishTime":"2016-02-22 18:00","SiteName":"土城","SO2":"2.9","Status":"普通","WindDirec":"313","WindSpeed":"1.7"},{"CO":"0.57","County":"新北市","FPMI":"3","MajorPollutant":"懸浮微粒","NO":"1.46","NO2":"20","NOx":"21.59","O3":"32","PM10":"69","PM2.5":"31","PSI":"57","PublishTime":"2016-02-22 18:00","SiteName":"板橋","SO2":"3.7","Status":"普通","WindDirec":"303","WindSpeed":"1.8"},{"CO":"0.5","County":"新北市","FPMI":"3","MajorPollutant":"懸浮微粒","NO":"1.57","NO2":"16","NOx":"17.07","O3":"35","PM10":"50","PM2.5":"22","PSI":"53","PublishTime":"2016-02-22 18:00","SiteName":"新莊","SO2":"1.4","Status":"普通","WindDirec":"162","WindSpeed":"0.7"},{"CO":"0.54","County":"新北市","FPMI":"2","MajorPollutant":"懸浮微粒","NO":".95","NO2":"19","NOx":"19.54","O3":"31","PM10":"60","PM2.5":"22","PSI":"56","PublishTime":"2016-02-22 18:00","SiteName":"菜寮","SO2":"2.5","Status":"普通","WindDirec":"300","WindSpeed":"1.8"},{"CO":"0.29","County":"新北市","FPMI":"2","MajorPollutant":"","NO":"1.03","NO2":"6.1","NOx":"7.16","O3":"44","PM10":"25","PM2.5":"13","PSI":"37","PublishTime":"2016-02-22 18:00","SiteName":"林口","SO2":"0.8","Status":"良好","WindDirec":"344","WindSpeed":"1.7"},{"CO":"0.46","County":"新北市","FPMI":"2","MajorPollutant":"懸浮微粒","NO":"1.82","NO2":"17","NOx":"18.52","O3":"31","PM10":"54","PM2.5":"23","PSI":"51","PublishTime":"2016-02-22 18:00","SiteName":"淡水","SO2":"1.8","Status":"普通","WindDirec":"","WindSpeed":""},{"CO":"0.4","County":"臺北市","FPMI":"2","MajorPollutant":"","NO":"1.03","NO2":"13","NOx":"13.58","O3":"37","PM10":"50","PM2.5":"26","PSI":"50","PublishTime":"2016-02-22 18:00","SiteName":"士林","SO2":"1.2","Status":"良好","WindDirec":"288","WindSpeed":"2.2"},{"CO":"1.08","County":"臺北市","FPMI":"3","MajorPollutant":"懸浮微粒","NO":"20.27","NO2":"35","NOx":"54.97","O3":"19","PM10":"80","PM2.5":"27","PSI":"57","PublishTime":"2016-02-22 18:00","SiteName":"中山","SO2":"2.4","Status":"普通","WindDirec":"321","WindSpeed":"2"},{"CO":"0.78","County":"臺北市","FPMI":"3","MajorPollutant":"懸浮微粒","NO":"3.9","NO2":"29","NOx":"33.04","O3":"24","PM10":"74","PM2.5":"38","PSI":"54","PublishTime":"2016-02-22 18:00","SiteName":"萬華","SO2":"2.7","Status":"普通","WindDirec":"285","WindSpeed":"1.1"},{"CO":"0.67","County":"臺北市","FPMI":"2","MajorPollutant":"懸浮微粒","NO":"4.12","NO2":"32","NOx":"35.86","O3":"22","PM10":"84","PM2.5":"24","PSI":"58","PublishTime":"2016-02-22 18:00","SiteName":"古亭","SO2":"2.8","Status":"普通","WindDirec":"249","WindSpeed":"1.3"},{"CO":"0.67","County":"臺北市","FPMI":"3","MajorPollutant":"懸浮微粒","NO":"3.97","NO2":"25","NOx":"29.08","O3":"30","PM10":"76","PM2.5":"31","PSI":"56","PublishTime":"2016-02-22 18:00","SiteName":"松山","SO2":"1.5","Status":"普通","WindDirec":"278","WindSpeed":"1.6"},{"CO":"1.29","County":"臺北市","FPMI":"3","MajorPollutant":"懸浮微粒","NO":"12.51","NO2":"26","NOx":"39","O3":"","PM10":"80","PM2.5":"26","PSI":"63","PublishTime":"2016-02-22 18:00","SiteName":"大同","SO2":"2.2","Status":"普通","WindDirec":"","WindSpeed":""},{"CO":"0.58","County":"桃園市","FPMI":"3","MajorPollutant":"懸浮微粒","NO":"3.56","NO2":"22","NOx":"26","O3":"29","PM10":"60","PM2.5":"27","PSI":"55","PublishTime":"2016-02-22 18:00","SiteName":"桃園","SO2":"2.8","Status":"普通","WindDirec":"34","WindSpeed":"0.7"},{"CO":"0.36","County":"桃園市","FPMI":"3","MajorPollutant":"懸浮微粒","NO":"3.95","NO2":"21","NOx":"25.34","O3":"28","PM10":"45","PM2.5":"23","PSI":"54","PublishTime":"2016-02-22 18:00","SiteName":"大園","SO2":"1.5","Status":"普通","WindDirec":"350","WindSpeed":"3.1"},{"CO":"0.33","County":"桃園市","FPMI":"3","MajorPollutant":"懸浮微粒","NO":"","NO2":"","NOx":"","O3":"43","PM10":"40","PM2.5":"18","PSI":"52","PublishTime":"2016-02-22 18:00","SiteName":"觀音","SO2":"1.7","Status":"普通","WindDirec":"53","WindSpeed":"2.6"},{"CO":"0.4","County":"桃園市","FPMI":"3","MajorPollutant":"懸浮微粒","NO":"1.65","NO2":"19","NOx":"20.97","O3":"28","PM10":"63","PM2.5":"23","PSI":"54","PublishTime":"2016-02-22 18:00","SiteName":"平鎮","SO2":"2.6","Status":"普通","WindDirec":"355","WindSpeed":"1.8"},{"CO":"0.51","County":"桃園市","FPMI":"3","MajorPollutant":"","NO":"1.92","NO2":"18","NOx":"20.37","O3":"31","PM10":"71","PM2.5":"34","PSI":"0","PublishTime":"2016-02-22 18:00","SiteName":"龍潭","SO2":"1.1","Status":"","WindDirec":"36","WindSpeed":"1.9"},{"CO":"0.3","County":"新竹縣","FPMI":"3","MajorPollutant":"懸浮微粒","NO":".88","NO2":"8.7","NOx":"9.55","O3":"44","PM10":"59","PM2.5":"28","PSI":"56","PublishTime":"2016-02-22 18:00","SiteName":"湖口","SO2":"3.1","Status":"普通","WindDirec":"43","WindSpeed":"3.2"},{"CO":"0.4","County":"新竹縣","FPMI":"4","MajorPollutant":"懸浮微粒","NO":"2.51","NO2":"18","NOx":"20.7","O3":"31","PM10":"79","PM2.5":"39","PSI":"62","PublishTime":"2016-02-22 18:00","SiteName":"竹東","SO2":"0.9","Status":"普通","WindDirec":"326","WindSpeed":"1.5"},{"CO":"0.44","County":"新竹市","FPMI":"2","MajorPollutant":"懸浮微粒","NO":"5.38","NO2":"17","NOx":"22.56","O3":"37","PM10":"54","PM2.5":"22","PSI":"55","PublishTime":"2016-02-22 18:00","SiteName":"新竹","SO2":"2.6","Status":"普通","WindDirec":"74","WindSpeed":"2.4"},{"CO":"0.49","County":"苗栗縣","FPMI":"3","MajorPollutant":"懸浮微粒","NO":"1.41","NO2":"17","NOx":"17.97","O3":"37","PM10":"68","PM2.5":"24","PSI":"60","PublishTime":"2016-02-22 18:00","SiteName":"頭份","SO2":"0.6","Status":"普通","WindDirec":"68","WindSpeed":"2.3"},{"CO":"0.61","County":"苗栗縣","FPMI":"4","MajorPollutant":"懸浮微粒","NO":"2.51","NO2":"21","NOx":"23.38","O3":"35","PM10":"82","PM2.5":"42","PSI":"68","PublishTime":"2016-02-22 18:00","SiteName":"苗栗","SO2":"1.4","Status":"普通","WindDirec":"60","WindSpeed":"2.3"},{"CO":"0.32","County":"苗栗縣","FPMI":"3","MajorPollutant":"懸浮微粒","NO":".62","NO2":"9.9","NOx":"10.5","O3":"41","PM10":"36","PM2.5":"20","PSI":"58","PublishTime":"2016-02-22 18:00","SiteName":"三義","SO2":"1.3","Status":"普通","WindDirec":"35","WindSpeed":"4.3"},{"CO":"0.52","County":"臺中市","FPMI":"7","MajorPollutant":"懸浮微粒","NO":"5.91","NO2":"23","NOx":"28.56","O3":"30","PM10":"79","PM2.5":"56","PSI":"66","PublishTime":"2016-02-22 18:00","SiteName":"豐原","SO2":"3.2","Status":"普通","WindDirec":"15","WindSpeed":"0.8"},{"CO":"0.41","County":"臺中市","FPMI":"3","MajorPollutant":"懸浮微粒","NO":"1.47","NO2":"15","NOx":"16.2","O3":"45","PM10":"77","PM2.5":"35","PSI":"64","PublishTime":"2016-02-22 18:00","SiteName":"沙鹿","SO2":"-0.5","Status":"普通","WindDirec":"21","WindSpeed":"4.3"},{"CO":"0.61","County":"臺中市","FPMI":"6","MajorPollutant":"懸浮微粒","NO":"3.01","NO2":"24","NOx":"26.81","O3":"35","PM10":"95","PM2.5":"45","PSI":"88","PublishTime":"2016-02-22 18:00","SiteName":"大里","SO2":"1","Status":"普通","WindDirec":"9.8","WindSpeed":"1.9"},{"CO":"0.48","County":"臺中市","FPMI":"4","MajorPollutant":"懸浮微粒","NO":"2.13","NO2":"22","NOx":"23.85","O3":"35","PM10":"99","PM2.5":"35","PSI":"76","PublishTime":"2016-02-22 18:00","SiteName":"忠明","SO2":"0.6","Status":"普通","WindDirec":"324","WindSpeed":"2.3"},{"CO":"0.44","County":"臺中市","FPMI":"5","MajorPollutant":"懸浮微粒","NO":"1.55","NO2":"19","NOx":"20.75","O3":"41","PM10":"94","PM2.5":"42","PSI":"73","PublishTime":"2016-02-22 18:00","SiteName":"西屯","SO2":"2","Status":"普通","WindDirec":"44","WindSpeed":"4.1"},{"CO":"0.56","County":"彰化縣","FPMI":"4","MajorPollutant":"懸浮微粒","NO":"1.53","NO2":"17","NOx":"18.72","O3":"41","PM10":"68","PM2.5":"32","PSI":"64","PublishTime":"2016-02-22 18:00","SiteName":"彰化","SO2":"1.5","Status":"普通","WindDirec":"24","WindSpeed":"3.6"},{"CO":"0.54","County":"彰化縣","FPMI":"4","MajorPollutant":"懸浮微粒","NO":".91","NO2":"13","NOx":"13.75","O3":"50","PM10":"77","PM2.5":"36","PSI":"66","PublishTime":"2016-02-22 18:00","SiteName":"線西","SO2":"3.8","Status":"普通","WindDirec":"41","WindSpeed":"5"},{"CO":"0.56","County":"彰化縣","FPMI":"3","MajorPollutant":"懸浮微粒","NO":"1.24","NO2":"19","NOx":"20.19","O3":"43","PM10":"78","PM2.5":"40","PSI":"69","PublishTime":"2016-02-22 18:00","SiteName":"二林","SO2":"6","Status":"普通","WindDirec":"38","WindSpeed":"4.7"},{"CO":"0.63","County":"南投縣","FPMI":"8","MajorPollutant":"懸浮微粒","NO":"7.73","NO2":"35","NOx":"42.3","O3":"28","PM10":"108","PM2.5":"50","PSI":"84","PublishTime":"2016-02-22 18:00","SiteName":"南投","SO2":"1.2","Status":"普通","WindDirec":"300","WindSpeed":"2.8"},{"CO":"0.63","County":"雲林縣","FPMI":"10","MajorPollutant":"懸浮微粒","NO":"2.84","NO2":"20","NOx":"22.75","O3":"40","PM10":"97","PM2.5":"62","PSI":"80","PublishTime":"2016-02-22 18:00","SiteName":"斗六","SO2":"3.8","Status":"普通","WindDirec":"35","WindSpeed":"3"},{"CO":"0.37","County":"雲林縣","FPMI":"7","MajorPollutant":"懸浮微粒","NO":".64","NO2":"12","NOx":"12.72","O3":"51","PM10":"85","PM2.5":"52","PSI":"76","PublishTime":"2016-02-22 18:00","SiteName":"崙背","SO2":"2","Status":"普通","WindDirec":"42","WindSpeed":"4.3"},{"CO":"0.48","County":"嘉義縣","FPMI":"8","MajorPollutant":"懸浮微粒","NO":"1.38","NO2":"9.8","NOx":"11.14","O3":"56","PM10":"114","PM2.5":"44","PSI":"92","PublishTime":"2016-02-22 18:00","SiteName":"新港","SO2":"3.2","Status":"普通","WindDirec":"293","WindSpeed":"3.5"},{"CO":"0.45","County":"嘉義縣","FPMI":"8","MajorPollutant":"懸浮微粒","NO":".63","NO2":"12","NOx":"12.48","O3":"59","PM10":"124","PM2.5":"56","PSI":"93","PublishTime":"2016-02-22 18:00","SiteName":"朴子","SO2":"2.4","Status":"普通","WindDirec":"313","WindSpeed":"2.9"},{"CO":"0.29","County":"雲林縣","FPMI":"4","MajorPollutant":"","NO":".86","NO2":"6.8","NOx":"7.63","O3":"63","PM10":"64","PM2.5":"40","PSI":"0","PublishTime":"2016-02-22 18:00","SiteName":"臺西","SO2":"1.9","Status":"","WindDirec":"31","WindSpeed":"7.1"},{"CO":"0.62","County":"嘉義市","FPMI":"10","MajorPollutant":"懸浮微粒","NO":"2.7","NO2":"20","NOx":"22.21","O3":"43","PM10":"116","PM2.5":"65","PSI":"96","PublishTime":"2016-02-22 18:00","SiteName":"嘉義","SO2":"11","Status":"普通","WindDirec":"330","WindSpeed":"2.1"},{"CO":"0.51","County":"臺南市","FPMI":"6","MajorPollutant":"懸浮微粒","NO":"1.19","NO2":"14","NOx":"15.23","O3":"54","PM10":"116","PM2.5":"50","PSI":"90","PublishTime":"2016-02-22 18:00","SiteName":"新營","SO2":"2.3","Status":"普通","WindDirec":"52","WindSpeed":"2.8"},{"CO":"0.44","County":"臺南市","FPMI":"6","MajorPollutant":"懸浮微粒","NO":"1.18","NO2":"15","NOx":"16.44","O3":"52","PM10":"99","PM2.5":"30","PSI":"80","PublishTime":"2016-02-22 18:00","SiteName":"善化","SO2":"2.6","Status":"普通","WindDirec":"324","WindSpeed":"4.3"},{"CO":"0.48","County":"臺南市","FPMI":"7","MajorPollutant":"懸浮微粒","NO":".15","NO2":"15","NOx":"15.28","O3":"51","PM10":"95","PM2.5":"39","PSI":"80","PublishTime":"2016-02-22 18:00","SiteName":"安南","SO2":"2.8","Status":"普通","WindDirec":"318","WindSpeed":"3.3"},{"CO":"0.77","County":"臺南市","FPMI":"7","MajorPollutant":"懸浮微粒","NO":"1.26","NO2":"22","NOx":"23.24","O3":"52","PM10":"91","PM2.5":"41","PSI":"78","PublishTime":"2016-02-22 18:00","SiteName":"臺南","SO2":"3","Status":"普通","WindDirec":"315","WindSpeed":"1.8"},{"CO":"0.47","County":"高雄市","FPMI":"5","MajorPollutant":"懸浮微粒","NO":"1.29","NO2":"12","NOx":"13.35","O3":"70","PM10":"99","PM2.5":"50","PSI":"64","PublishTime":"2016-02-22 18:00","SiteName":"美濃","SO2":"3.4","Status":"普通","WindDirec":"290","WindSpeed":"1.5"},{"CO":"0.59","County":"高雄市","FPMI":"5","MajorPollutant":"懸浮微粒","NO":"1.33","NO2":"20","NOx":"21.38","O3":"60","PM10":"102","PM2.5":"43","PSI":"76","PublishTime":"2016-02-22 18:00","SiteName":"橋頭","SO2":"4.6","Status":"普通","WindDirec":"304","WindSpeed":"2.4"},{"CO":"0.59","County":"高雄市","FPMI":"5","MajorPollutant":"懸浮微粒","NO":"1.48","NO2":"26","NOx":"27.88","O3":"66","PM10":"121","PM2.5":"43","PSI":"82","PublishTime":"2016-02-22 18:00","SiteName":"仁武","SO2":"5.1","Status":"普通","WindDirec":"320","WindSpeed":"2.4"},{"CO":"0.97","County":"高雄市","FPMI":"6","MajorPollutant":"懸浮微粒","NO":"1.32","NO2":"27","NOx":"28.43","O3":"65","PM10":"126","PM2.5":"49","PSI":"86","PublishTime":"2016-02-22 18:00","SiteName":"鳳山","SO2":"5.2","Status":"普通","WindDirec":"307","WindSpeed":"2.1"},{"CO":"0.78","County":"高雄市","FPMI":"6","MajorPollutant":"懸浮微粒","NO":"1.28","NO2":"30","NOx":"30.89","O3":"78","PM10":"106","PM2.5":"52","PSI":"76","PublishTime":"2016-02-22 18:00","SiteName":"大寮","SO2":"5.8","Status":"普通","WindDirec":"263","WindSpeed":"1.4"},{"CO":"0.44","County":"高雄市","FPMI":"5","MajorPollutant":"臭氧","NO":"1.03","NO2":"18","NOx":"19.43","O3":"79","PM10":"68","PM2.5":"52","PSI":"66","PublishTime":"2016-02-22 18:00","SiteName":"林園","SO2":"6.4","Status":"普通","WindDirec":"271","WindSpeed":"1.6"},{"CO":"","County":"高雄市","FPMI":"5","MajorPollutant":"懸浮微粒","NO":"","NO2":"","NOx":"","O3":"54","PM10":"120","PM2.5":"43","PSI":"82","PublishTime":"2016-02-22 18:00","SiteName":"楠梓","SO2":"","Status":"普通","WindDirec":"298","WindSpeed":"2.8"},{"CO":"0.45","County":"高雄市","FPMI":"6","MajorPollutant":"懸浮微粒","NO":".92","NO2":"16","NOx":"16.62","O3":"73","PM10":"103","PM2.5":"40","PSI":"76","PublishTime":"2016-02-22 18:00","SiteName":"左營","SO2":"3.4","Status":"普通","WindDirec":"312","WindSpeed":"2.2"},{"CO":"0.6","County":"高雄市","FPMI":"5","MajorPollutant":"懸浮微粒","NO":".77","NO2":"14","NOx":"15.04","O3":"75","PM10":"87","PM2.5":"43","PSI":"74","PublishTime":"2016-02-22 18:00","SiteName":"前金","SO2":"3.3","Status":"普通","WindDirec":"305","WindSpeed":"2.1"},{"CO":"0.9","County":"高雄市","FPMI":"5","MajorPollutant":"懸浮微粒","NO":"-.06","NO2":"26","NOx":"25.76","O3":"64","PM10":"85","PM2.5":"48","PSI":"68","PublishTime":"2016-02-22 18:00","SiteName":"前鎮","SO2":"3.4","Status":"普通","WindDirec":"274","WindSpeed":"1.5"},{"CO":"","County":"高雄市","FPMI":"","MajorPollutant":"懸浮微粒","NO":"","NO2":"","NOx":"","O3":"","PM10":"109","PM2.5":"","PSI":"74","PublishTime":"2016-02-22 18:00","SiteName":"小港","SO2":"","Status":"普通","WindDirec":"313","WindSpeed":"2"},{"CO":"0.67","County":"屏東縣","FPMI":"7","MajorPollutant":"懸浮微粒","NO":"1.33","NO2":"29","NOx":"30.3","O3":"62","PM10":"132","PM2.5":"72","PSI":"82","PublishTime":"2016-02-22 18:00","SiteName":"屏東","SO2":"6.9","Status":"普通","WindDirec":"282","WindSpeed":"2.6"},{"CO":"0.4","County":"屏東縣","FPMI":"8","MajorPollutant":"懸浮微粒","NO":".08","NO2":"11","NOx":"11.2","O3":"74","PM10":"112","PM2.5":"65","PSI":"78","PublishTime":"2016-02-22 18:00","SiteName":"潮州","SO2":"5.4","Status":"普通","WindDirec":"151","WindSpeed":"0.7"},{"CO":"0.2","County":"屏東縣","FPMI":"1","MajorPollutant":"","NO":"1.91","NO2":"1.3","NOx":"3.17","O3":"50","PM10":"48","PM2.5":"10","PSI":"42","PublishTime":"2016-02-22 18:00","SiteName":"恆春","SO2":"1","Status":"良好","WindDirec":"42","WindSpeed":"5.9"},{"CO":"0.95","County":"臺東縣","FPMI":"2","MajorPollutant":"","NO":"2.56","NO2":"11","NOx":"13.27","O3":"35","PM10":"56","PM2.5":"29","PSI":"34","PublishTime":"2016-02-22 18:00","SiteName":"臺東","SO2":"5","Status":"良好","WindDirec":"165","WindSpeed":"1.2"},{"CO":"0.49","County":"花蓮縣","FPMI":"2","MajorPollutant":"","NO":"1.78","NO2":"9.6","NOx":"11.4","O3":"40","PM10":"56","PM2.5":"14","PSI":"39","PublishTime":"2016-02-22 18:00","SiteName":"花蓮","SO2":"1.3","Status":"良好","WindDirec":"170","WindSpeed":"1.2"},{"CO":"0.37","County":"臺北市","FPMI":"2","MajorPollutant":"","NO":".62","NO2":"7.8","NOx":"8.4","O3":"","PM10":"30","PM2.5":"25","PSI":"27","PublishTime":"2016-02-22 18:00","SiteName":"陽明","SO2":"1.5","Status":"良好","WindDirec":"","WindSpeed":""},{"CO":"0.39","County":"宜蘭縣","FPMI":"2","MajorPollutant":"","NO":".46","NO2":"8.7","NOx":"9.14","O3":"41","PM10":"33","PM2.5":"12","PSI":"35","PublishTime":"2016-02-22 18:00","SiteName":"宜蘭","SO2":"1.7","Status":"良好","WindDirec":"65","WindSpeed":"2.4"},{"CO":"0.48","County":"宜蘭縣","FPMI":"2","MajorPollutant":"","NO":"3.39","NO2":"20","NOx":"22.99","O3":"39","PM10":"48","PM2.5":"5","PSI":"48","PublishTime":"2016-02-22 18:00","SiteName":"冬山","SO2":"2.3","Status":"良好","WindDirec":"283","WindSpeed":"2.3"},{"CO":"2.05","County":"新北市","FPMI":"3","MajorPollutant":"懸浮微粒","NO":"75.72","NO2":"43","NOx":"118.92","O3":"","PM10":"78","PM2.5":"24","PSI":"64","PublishTime":"2016-02-22 18:00","SiteName":"三重","SO2":"2.4","Status":"普通","WindDirec":"","WindSpeed":""},{"CO":"0.92","County":"桃園市","FPMI":"3","MajorPollutant":"懸浮微粒","NO":"15.48","NO2":"32","NOx":"47.53","O3":"23","PM10":"65","PM2.5":"21","PSI":"60","PublishTime":"2016-02-22 18:00","SiteName":"中壢","SO2":"1.9","Status":"普通","WindDirec":"189","WindSpeed":"1"},{"CO":"0.41","County":"南投縣","FPMI":"7","MajorPollutant":"懸浮微粒","NO":"-.15","NO2":"21","NOx":"20.67","O3":"44","PM10":"125","PM2.5":"41","PSI":"88","PublishTime":"2016-02-22 18:00","SiteName":"竹山","SO2":"3.1","Status":"普通","WindDirec":"293","WindSpeed":"1.7"},{"CO":"1.41","County":"新北市","FPMI":"3","MajorPollutant":"懸浮微粒","NO":"31.88","NO2":"41","NOx":"72.78","O3":"14","PM10":"66","PM2.5":"34","PSI":"56","PublishTime":"2016-02-22 18:00","SiteName":"永和","SO2":"2.8","Status":"普通","WindDirec":"268","WindSpeed":"1"},{"CO":"0.98","County":"高雄市","FPMI":"5","MajorPollutant":"懸浮微粒","NO":".89","NO2":"29","NOx":"29.51","O3":"70","PM10":"98","PM2.5":"43","PSI":"76","PublishTime":"2016-02-22 18:00","SiteName":"復興","SO2":"4.7","Status":"普通","WindDirec":"293","WindSpeed":"1.2"},{"CO":"0.64","County":"南投縣","FPMI":"7","MajorPollutant":"臭氧","NO":".69","NO2":"20","NOx":"20.63","O3":"81","PM10":"113","PM2.5":"69","PSI":"67","PublishTime":"2016-02-22 18:00","SiteName":"埔里","SO2":"2.1","Status":"普通","WindDirec":"122","WindSpeed":"2.3"},{"CO":"0.38","County":"連江縣","FPMI":"2","MajorPollutant":"","NO":"1.32","NO2":"7.4","NOx":"8.76","O3":"40","PM10":"14","PM2.5":"11","PSI":"33","PublishTime":"2016-02-22 18:00","SiteName":"馬祖","SO2":"1.3","Status":"良好","WindDirec":"328","WindSpeed":"1.5"},{"CO":"0.56","County":"金門縣","FPMI":"5","MajorPollutant":"懸浮微粒","NO":"1.29","NO2":"22","NOx":"23.38","O3":"30","PM10":"160","PM2.5":"55","PSI":"90","PublishTime":"2016-02-22 18:00","SiteName":"金門","SO2":"5.4","Status":"普通","WindDirec":"112","WindSpeed":"2.1"},{"CO":"0.38","County":"澎湖縣","FPMI":"3","MajorPollutant":"懸浮微粒","NO":".94","NO2":"4.7","NOx":"5.62","O3":"56","PM10":"54","PM2.5":"26","PSI":"59","PublishTime":"2016-02-22 18:00","SiteName":"馬公","SO2":"1.2","Status":"普通","WindDirec":"85","WindSpeed":"3.7"},{"CO":"","County":"臺東縣","FPMI":"2","MajorPollutant":"","NO":".43","NO2":"5","NOx":"5.38","O3":"39","PM10":"40","PM2.5":"15","PSI":"32","PublishTime":"2016-02-22 18:00","SiteName":"關山","SO2":"1.2","Status":"良好","WindDirec":"213","WindSpeed":"2.9"},{"CO":"0.38","County":"雲林縣","FPMI":"6","MajorPollutant":"懸浮微粒","NO":"1.69","NO2":"8.1","NOx":"9.74","O3":"58","PM10":"90","PM2.5":"46","PSI":"79","PublishTime":"2016-02-22 18:00","SiteName":"麥寮","SO2":"2.2","Status":"普通","WindDirec":"82","WindSpeed":"5.4"}]