<?xml version="1.0" encoding="UTF-8"?>
<aqx_p_432><data><SITENAME>基隆</SITENAME><COUNTY>基隆市</COUNTY><AQI>111</AQI><POLLUTANT>懸浮微粒</POLLUTANT><STATUS>對敏感族群不健康</STATUS><SO2>1.1</SO2><CO>0.36</CO><O3>29.2</O3><O3_8HR>41.1</O3_8HR><PM10>142</PM10><PM2.5>32</PM2.5><NO2>10.2</NO2><NOX>10.9</NOX><NO>0.6</NO><WIND_SPEED>0.2</WIND_SPEED><WIND_DIREC>305</WIND_DIREC><PUBLISHTIME>2023/03/25 00:00:00</PUBLISHTIME><CO_8HR>0.3</CO_8HR><PM2.5_AVG>33</PM2.5_AVG><PM10_AVG>131</PM10_AVG><SO2_AVG>1</SO2_AVG><LONGITUDE>121.760056</LONGITUDE><LATITUDE>25.129167</LATITUDE><SITEID>1</SITEID></data><data><SITENAME>汐止</SITENAME><COUNTY>新北市</COUNTY><AQI>90</AQI><POLLUTANT>懸浮微粒</POLLUTANT><STATUS>普通</STATUS><SO2>0.9</SO2><CO>0.23</CO><O3>37.5</O3><O3_8HR>37.7</O3_8HR><PM10>102</PM10><PM2.5>24</PM2.5><NO2>5.5</NO2><NOX>6.2</NOX><NO>0.7</NO><WIND_SPEED>0.7</WIND_SPEED><WIND_DIREC>31</WIND_DIREC><PUBLISHTIME>2023/03/25 00:00:00</PUBLISHTIME><CO_8HR>0.3</CO_8HR><PM2.5_AVG>24</PM2.5_AVG><PM10_AVG>90</PM10_AVG><SO2_AVG>1</SO2_AVG><LONGITUDE>121.64081</LONGITUDE><LATITUDE>25.06624</LATITUDE><SITEID>2</SITEID></data><data><SITENAME>萬里</SITENAME><COUNTY>新北市</COUNTY><AQI>109</AQI><POLLUTANT>懸浮微粒</POLLUTANT><STATUS>對敏感族群不健康</STATUS><SO2>0.4</SO2><CO>0.23</CO><O3>39.2</O3><O3_8HR>46.9</O3_8HR><PM10>85</PM10><PM2.5>24</PM2.5><NO2>3.2</NO2><NOX>4.3</NOX><NO>1</NO><WIND_SPEED>1.6</WIND_SPEED><WIND_DIREC>221</WIND_DIREC><PUBLISHTIME>2023/03/25 00:00:00</PUBLISHTIME><CO_8HR>0.2</CO_8HR><PM2.5_AVG>32</PM2.5_AVG><PM10_AVG>126</PM10_AVG><SO2_AVG>0</SO2_AVG><LONGITUDE>121.689881</LONGITUDE><LATITUDE>25.179667</LATITUDE><SITEID>3</SITEID></data><data><SITENAME>新店</SITENAME><COUNTY>新北市</COUNTY><AQI>66</AQI><POLLUTANT>細懸浮微粒</POLLUTANT><STATUS>普通</STATUS><SO2>0.6</SO2><CO>0.28</CO><O3>36.1</O3><O3_8HR>37.5</O3_8HR><PM10>62</PM10><PM2.5>19</PM2.5><NO2>8.8</NO2><NOX>9.4</NOX><NO>0.6</NO><WIND_SPEED>2.3</WIND_SPEED><WIND_DIREC>59</WIND_DIREC><PUBLISHTIME>2023/03/25 00:00:00</PUBLISHTIME><CO_8HR>0.4</CO_8HR><PM2.5_AVG>21</PM2.5_AVG><PM10_AVG>58</PM10_AVG><SO2_AVG>0</SO2_AVG><LONGITUDE>121.537778</LONGITUDE><LATITUDE>24.977222</LATITUDE><SITEID>4</SITEID></data><data><SITENAME>土城</SITENAME><COUNTY>新北市</COUNTY><AQI>76</AQI><POLLUTANT>細懸浮微粒</POLLUTANT><STATUS>普通</STATUS><SO2>1.4</SO2><CO>0.32</CO><O3>37.4</O3><O3_8HR>36.5</O3_8HR><PM10>61</PM10><PM2.5>20</PM2.5><NO2>8.2</NO2><NOX>8.6</NOX><NO>0.4</NO><WIND_SPEED>1.2</WIND_SPEED><WIND_DIREC>243</WIND_DIREC><PUBLISHTIME>2023/03/25 00:00:00</PUBLISHTIME><CO_8HR>0.5</CO_8HR><PM2.5_AVG>25</PM2.5_AVG><PM10_AVG>67</PM10_AVG><SO2_AVG>0</SO2_AVG><LONGITUDE>121.451861</LONGITUDE><LATITUDE>24.982528</LATITUDE><SITEID>5</SITEID></data><data><SITENAME>板橋</SITENAME><COUNTY>新北市</COUNTY><AQI>88</AQI><POLLUTANT>細懸浮微粒</POLLUTANT><STATUS>普通</STATUS><SO2>0.8</SO2><CO>0.31</CO><O3>38.7</O3><O3_8HR>36.4</O3_8HR><PM10>82</PM10><PM2.5>30</PM2.5><NO2>9.2</NO2><NOX>10.1</NOX><NO>0.9</NO><WIND_SPEED>2.3</WIND_SPEED><WIND_DIREC>72</WIND_DIREC><PUBLISHTIME>2023/03/25 00:00:00</PUBLISHTIME><CO_8HR>0.5</CO_8HR><PM2.5_AVG>30</PM2.5_AVG><PM10_AVG>77</PM10_AVG><SO2_AVG>0</SO2_AVG><LONGITUDE>121.458667</LONGITUDE><LATITUDE>25.012972</LATITUDE><SITEID>6</SITEID></data><data><SITENAME>新莊</SITENAME><COUNTY>新北市</COUNTY><AQI>83</AQI><POLLUTANT>懸浮微粒</POLLUTANT><STATUS>普通</STATUS><SO2>0.8</SO2><CO>0.26</CO><O3>40.8</O3><O3_8HR>40.9</O3_8HR><PM10>76</PM10><PM2.5>25</PM2.5><NO2>7.7</NO2><NOX>8.5</NOX><NO>0.8</NO><WIND_SPEED>2.3</WIND_SPEED><WIND_DIREC>72</WIND_DIREC><PUBLISHTIME>2023/03/25 00:00:00</PUBLISHTIME><CO_8HR>0.4</CO_8HR><PM2.5_AVG>28</PM2.5_AVG><PM10_AVG>83</PM10_AVG><SO2_AVG>0</SO2_AVG><LONGITUDE>121.4325</LONGITUDE><LATITUDE>25.037972</LATITUDE><SITEID>7</SITEID></data><data><SITENAME>菜寮</SITENAME><COUNTY>新北市</COUNTY><AQI>80</AQI><POLLUTANT>細懸浮微粒</POLLUTANT><STATUS>普通</STATUS><SO2>0.7</SO2><CO>0.34</CO><O3>37.7</O3><O3_8HR>35.3</O3_8HR><PM10>57</PM10><PM2.5>22</PM2.5><NO2>9.8</NO2><NOX>10.7</NOX><NO>0.9</NO><WIND_SPEED>1.6</WIND_SPEED><WIND_DIREC>75</WIND_DIREC><PUBLISHTIME>2023/03/25 00:00:00</PUBLISHTIME><CO_8HR>0.5</CO_8HR><PM2.5_AVG>27</PM2.5_AVG><PM10_AVG>70</PM10_AVG><SO2_AVG>0</SO2_AVG><LONGITUDE>121.481028</LONGITUDE><LATITUDE>25.06895</LATITUDE><SITEID>8</SITEID></data><data><SITENAME>林口</SITENAME><COUNTY>新北市</COUNTY><AQI>87</AQI><POLLUTANT>懸浮微粒</POLLUTANT><STATUS>普通</STATUS><SO2>1.1</SO2><CO>0.3</CO><O3>38.5</O3><O3_8HR>39.1</O3_8HR><PM10>32</PM10><PM2.5>11</PM2.5><NO2>9.6</NO2><NOX>10.1</NOX><NO>0.4</NO><WIND_SPEED>2.9</WIND_SPEED><WIND_DIREC>106</WIND_DIREC><PUBLISHTIME>2023/03/25 00:00:00</PUBLISHTIME><CO_8HR>0.3</CO_8HR><PM2.5_AVG>26</PM2.5_AVG><PM10_AVG>87</PM10_AVG><SO2_AVG>0</SO2_AVG><LONGITUDE>121.36548982</LONGITUDE><LATITUDE>25.07798949</LATITUDE><SITEID>9</SITEID></data><data><SITENAME>淡水</SITENAME><COUNTY>新北市</COUNTY><AQI>76</AQI><POLLUTANT>細懸浮微粒</POLLUTANT><STATUS>普通</STATUS><SO2>1.3</SO2><CO>0.34</CO><O3>29.6</O3><O3_8HR>39.6</O3_8HR><PM10>57</PM10><PM2.5>21</PM2.5><NO2>6.7</NO2><NOX>7.2</NOX><NO>0.4</NO><WIND_SPEED></WIND_SPEED><WIND_DIREC></WIND_DIREC><PUBLISHTIME>2023/03/25 00:00:00</PUBLISHTIME><CO_8HR>0.3</CO_8HR><PM2.5_AVG>25</PM2.5_AVG><PM10_AVG>68</PM10_AVG><SO2_AVG>1</SO2_AVG><LONGITUDE>121.449239</LONGITUDE><LATITUDE>25.1645</LATITUDE><SITEID>10</SITEID></data><data><SITENAME>士林</SITENAME><COUNTY>臺北市</COUNTY><AQI>72</AQI><POLLUTANT>細懸浮微粒</POLLUTANT><STATUS>普通</STATUS><SO2>0.8</SO2><CO>0.28</CO><O3>38.3</O3><O3_8HR>36.7</O3_8HR><PM10>37</PM10><PM2.5>19</PM2.5><NO2>6.4</NO2><NOX>6.9</NOX><NO>0.5</NO><WIND_SPEED>1.9</WIND_SPEED><WIND_DIREC>149</WIND_DIREC><PUBLISHTIME>2023/03/25 00:00:00</PUBLISHTIME><CO_8HR>0.3</CO_8HR><PM2.5_AVG>24</PM2.5_AVG><PM10_AVG>54</PM10_AVG><SO2_AVG>0</SO2_AVG><LONGITUDE>121.51666356</LONGITUDE><LATITUDE>25.10334003</LATITUDE><SITEID>11</SITEID></data><data><SITENAME>中山</SITENAME><COUNTY>臺北市</COUNTY><AQI>84</AQI><POLLUTANT>懸浮微粒</POLLUTANT><STATUS>普通</STATUS><SO2>0.9</SO2><CO>0.37</CO><O3>34.1</O3><O3_8HR>29.2</O3_8HR><PM10>86</PM10><PM2.5>22</PM2.5><NO2>12</NO2><NOX>14.5</NOX><NO>2.4</NO><WIND_SPEED>2.8</WIND_SPEED><WIND_DIREC>119</WIND_DIREC><PUBLISHTIME>2023/03/25 00:00:00</PUBLISHTIME><CO_8HR>0.5</CO_8HR><PM2.5_AVG>24</PM2.5_AVG><PM10_AVG>84</PM10_AVG><SO2_AVG>1</SO2_AVG><LONGITUDE>121.526528</LONGITUDE><LATITUDE>25.062361</LATITUDE><SITEID>12</SITEID></data><data><SITENAME>萬華</SITENAME><COUNTY>臺北市</COUNTY><AQI>83</AQI><POLLUTANT>細懸浮微粒</POLLUTANT><STATUS>普通</STATUS><SO2>1.2</SO2><CO>0.31</CO><O3>36.9</O3><O3_8HR>29.6</O3_8HR><PM10>82</PM10><PM2.5>29</PM2.5><NO2>11.7</NO2><NOX>12.6</NOX><NO>0.9</NO><WIND_SPEED>2.8</WIND_SPEED><WIND_DIREC>94</WIND_DIREC><PUBLISHTIME>2023/03/25 00:00:00</PUBLISHTIME><CO_8HR>0.5</CO_8HR><PM2.5_AVG>28</PM2.5_AVG><PM10_AVG>80</PM10_AVG><SO2_AVG>0</SO2_AVG><LONGITUDE>121.507972</LONGITUDE><LATITUDE>25.046503</LATITUDE><SITEID>13</SITEID></data><data><SITENAME>古亭</SITENAME><COUNTY>臺北市</COUNTY><AQI>86</AQI><POLLUTANT>細懸浮微粒</POLLUTANT><STATUS>普通</STATUS><SO2>1.3</SO2><CO>0.28</CO><O3>37.8</O3><O3_8HR>35.3</O3_8HR><PM10>88</PM10><PM2.5>31</PM2.5><NO2>8.7</NO2><NOX>8.9</NOX><NO>0.2</NO><WIND_SPEED>1.5</WIND_SPEED><WIND_DIREC>71</WIND_DIREC><PUBLISHTIME>2023/03/25 00:00:00</PUBLISHTIME><CO_8HR>0.4</CO_8HR><PM2.5_AVG>29</PM2.5_AVG><PM10_AVG>80</PM10_AVG><SO2_AVG>1</SO2_AVG><LONGITUDE>121.529556</LONGITUDE><LATITUDE>25.020608</LATITUDE><SITEID>14</SITEID></data><data><SITENAME>松山</SITENAME><COUNTY>臺北市</COUNTY><AQI>92</AQI><POLLUTANT>懸浮微粒</POLLUTANT><STATUS>普通</STATUS><SO2>0.3</SO2><CO>0.26</CO><O3>37.9</O3><O3_8HR>33.1</O3_8HR><PM10>94</PM10><PM2.5>27</PM2.5><NO2>8.6</NO2><NOX>9.5</NOX><NO>0.8</NO><WIND_SPEED>2.1</WIND_SPEED><WIND_DIREC>72</WIND_DIREC><PUBLISHTIME>2023/03/25 00:00:00</PUBLISHTIME><CO_8HR>0.3</CO_8HR><PM2.5_AVG>26</PM2.5_AVG><PM10_AVG>92</PM10_AVG><SO2_AVG>0</SO2_AVG><LONGITUDE>121.578611</LONGITUDE><LATITUDE>25.05</LATITUDE><SITEID>15</SITEID></data><data><SITENAME>大同</SITENAME><COUNTY>臺北市</COUNTY><AQI>95</AQI><POLLUTANT>細懸浮微粒</POLLUTANT><STATUS>普通</STATUS><SO2>0.9</SO2><CO>0.54</CO><O3>25.1</O3><O3_8HR>16.9</O3_8HR><PM10>87</PM10><PM2.5>32</PM2.5><NO2>18.8</NO2><NOX>25</NOX><NO>6.1</NO><WIND_SPEED>-</WIND_SPEED><WIND_DIREC>-</WIND_DIREC><PUBLISHTIME>2023/03/25 00:00:00</PUBLISHTIME><CO_8HR>1.2</CO_8HR><PM2.5_AVG>33</PM2.5_AVG><PM10_AVG>91</PM10_AVG><SO2_AVG>1</SO2_AVG><LONGITUDE>121.51342074</LONGITUDE><LATITUDE>25.06331455</LATITUDE><SITEID>16</SITEID></data><data><SITENAME>桃園</SITENAME><COUNTY>桃園市</COUNTY><AQI>82</AQI><POLLUTANT>細懸浮微粒</POLLUTANT><STATUS>普通</STATUS><SO2>0.9</SO2><CO>0.33</CO><O3>35.7</O3><O3_8HR>33.4</O3_8HR><PM10>47</PM10><PM2.5>17</PM2.5><NO2>9.1</NO2><NOX>9.5</NOX><NO>0.4</NO><WIND_SPEED>2.2</WIND_SPEED><WIND_DIREC>76</WIND_DIREC><PUBLISHTIME>2023/03/25 00:00:00</PUBLISHTIME><CO_8HR>0.4</CO_8HR><PM2.5_AVG>28</PM2.5_AVG><PM10_AVG>63</PM10_AVG><SO2_AVG>1</SO2_AVG><LONGITUDE>121.30500531</LONGITUDE><LATITUDE>24.9947107</LATITUDE><SITEID>17</SITEID></data><data><SITENAME>大園</SITENAME><COUNTY>桃園市</COUNTY><AQI>105</AQI><POLLUTANT>懸浮微粒</POLLUTANT><STATUS>對敏感族群不健康</STATUS><SO2>2.1</SO2><CO>0.28</CO><O3>29.4</O3><O3_8HR>44.3</O3_8HR><PM10>129</PM10><PM2.5>34</PM2.5><NO2>20.3</NO2><NOX>25.1</NOX><NO>4.7</NO><WIND_SPEED>3.9</WIND_SPEED><WIND_DIREC>37</WIND_DIREC><PUBLISHTIME>2023/03/25 00:00:00</PUBLISHTIME><CO_8HR>0.3</CO_8HR><PM2.5_AVG>33</PM2.5_AVG><PM10_AVG>114</PM10_AVG><SO2_AVG>1</SO2_AVG><LONGITUDE>121.20251473</LONGITUDE><LATITUDE>25.06100357</LATITUDE><SITEID>18</SITEID></data><data><SITENAME>觀音</SITENAME><COUNTY>桃園市</COUNTY><AQI>102</AQI><POLLUTANT>懸浮微粒</POLLUTANT><STATUS>對敏感族群不健康</STATUS><SO2>0.9</SO2><CO>0.22</CO><O3>40.6</O3><O3_8HR>47.7</O3_8HR><PM10>138</PM10><PM2.5>38</PM2.5><NO2>5.6</NO2><NOX>6.4</NOX><NO>0.8</NO><WIND_SPEED>4.4</WIND_SPEED><WIND_DIREC>75</WIND_DIREC><PUBLISHTIME>2023/03/25 00:00:00</PUBLISHTIME><CO_8HR>0.2</CO_8HR><PM2.5_AVG>33</PM2.5_AVG><PM10_AVG>103</PM10_AVG><SO2_AVG>0</SO2_AVG><LONGITUDE>121.08283092</LONGITUDE><LATITUDE>25.03556747</LATITUDE><SITEID>19</SITEID></data><data><SITENAME>平鎮</SITENAME><COUNTY>桃園市</COUNTY><AQI>100</AQI><POLLUTANT>懸浮微粒</POLLUTANT><STATUS>普通</STATUS><SO2>1</SO2><CO>0.37</CO><O3>30.6</O3><O3_8HR>38</O3_8HR><PM10>112</PM10><PM2.5>37</PM2.5><NO2>15.1</NO2><NOX>17.1</NOX><NO>1.9</NO><WIND_SPEED>3.1</WIND_SPEED><WIND_DIREC>87</WIND_DIREC><PUBLISHTIME>2023/03/25 00:00:00</PUBLISHTIME><CO_8HR>0.4</CO_8HR><PM2.5_AVG>33</PM2.5_AVG><PM10_AVG>100</PM10_AVG><SO2_AVG>1</SO2_AVG><LONGITUDE>121.203986</LONGITUDE><LATITUDE>24.952786</LATITUDE><SITEID>20</SITEID></data><data><SITENAME>龍潭</SITENAME><COUNTY>桃園市</COUNTY><AQI>84</AQI><POLLUTANT>細懸浮微粒</POLLUTANT><STATUS>普通</STATUS><SO2>1.2</SO2><CO>0.33</CO><O3>33.8</O3><O3_8HR>35.1</O3_8HR><PM10>52</PM10><PM2.5>24</PM2.5><NO2>8.3</NO2><NOX>8.6</NOX><NO>0.3</NO><WIND_SPEED>2.9</WIND_SPEED><WIND_DIREC>63</WIND_DIREC><PUBLISHTIME>2023/03/25 00:00:00</PUBLISHTIME><CO_8HR>0.4</CO_8HR><PM2.5_AVG>28</PM2.5_AVG><PM10_AVG>71</PM10_AVG><SO2_AVG>1</SO2_AVG><LONGITUDE>121.21645772</LONGITUDE><LATITUDE>24.86400048</LATITUDE><SITEID>21</SITEID></data><data><SITENAME>湖口</SITENAME><COUNTY>新竹縣</COUNTY><AQI>102</AQI><POLLUTANT>懸浮微粒</POLLUTANT><STATUS>對敏感族群不健康</STATUS><SO2>0</SO2><CO>0.28</CO><O3>33.4</O3><O3_8HR>45.5</O3_8HR><PM10>137</PM10><PM2.5>42</PM2.5><NO2>8.9</NO2><NOX>9.6</NOX><NO>0.6</NO><WIND_SPEED>3</WIND_SPEED><WIND_DIREC>67</WIND_DIREC><PUBLISHTIME>2023/03/25 00:00:00</PUBLISHTIME><CO_8HR>0.3</CO_8HR><PM2.5_AVG>34</PM2.5_AVG><PM10_AVG>103</PM10_AVG><SO2_AVG>0</SO2_AVG><LONGITUDE>121.03886894</LONGITUDE><LATITUDE>24.90009696</LATITUDE><SITEID>22</SITEID></data><data><SITENAME>竹東</SITENAME><COUNTY>新竹縣</COUNTY><AQI>84</AQI><POLLUTANT>細懸浮微粒</POLLUTANT><STATUS>普通</STATUS><SO2>0.4</SO2><CO>0.42</CO><O3>23.2</O3><O3_8HR>30.4</O3_8HR><PM10>68</PM10><PM2.5>35</PM2.5><NO2>10.6</NO2><NOX>11.6</NOX><NO>0.9</NO><WIND_SPEED>1.9</WIND_SPEED><WIND_DIREC>145</WIND_DIREC><PUBLISHTIME>2023/03/25 00:00:00</PUBLISHTIME><CO_8HR>0.4</CO_8HR><PM2.5_AVG>28</PM2.5_AVG><PM10_AVG>47</PM10_AVG><SO2_AVG>0</SO2_AVG><LONGITUDE>121.08895493</LONGITUDE><LATITUDE>24.74091408</LATITUDE><SITEID>23</SITEID></data><data><SITENAME>新竹</SITENAME><COUNTY>新竹市</COUNTY><AQI>90</AQI><POLLUTANT>細懸浮微粒</POLLUTANT><STATUS>普通</STATUS><SO2>0.6</SO2><CO>0.42</CO><O3>30.2</O3><O3_8HR>42.5</O3_8HR><PM10>84</PM10><PM2.5>37</PM2.5><NO2>12.9</NO2><NOX>13.8</NOX><NO>0.8</NO><WIND_SPEED>2.3</WIND_SPEED><WIND_DIREC>57</WIND_DIREC><PUBLISHTIME>2023/03/25 00:00:00</PUBLISHTIME><CO_8HR>0.4</CO_8HR><PM2.5_AVG>31</PM2.5_AVG><PM10_AVG>74</PM10_AVG><SO2_AVG>0</SO2_AVG><LONGITUDE>120.97236752</LONGITUDE><LATITUDE>24.8056356</LATITUDE><SITEID>24</SITEID></data><data><SITENAME>頭份</SITENAME><COUNTY>苗栗縣</COUNTY><AQI>86</AQI><POLLUTANT>細懸浮微粒</POLLUTANT><STATUS>普通</STATUS><SO2>1.4</SO2><CO>0.46</CO><O3>25.9</O3><O3_8HR>42.7</O3_8HR><PM10>121</PM10><PM2.5>37</PM2.5><NO2>14.2</NO2><NOX>15.7</NOX><NO>1.5</NO><WIND_SPEED>2.3</WIND_SPEED><WIND_DIREC>64</WIND_DIREC><PUBLISHTIME>2023/03/25 00:00:00</PUBLISHTIME><CO_8HR>0.4</CO_8HR><PM2.5_AVG>29</PM2.5_AVG><PM10_AVG>79</PM10_AVG><SO2_AVG>1</SO2_AVG><LONGITUDE>120.89869286</LONGITUDE><LATITUDE>24.69690679</LATITUDE><SITEID>25</SITEID></data><data><SITENAME>苗栗</SITENAME><COUNTY>苗栗縣</COUNTY><AQI>87</AQI><POLLUTANT>細懸浮微粒</POLLUTANT><STATUS>普通</STATUS><SO2>1.8</SO2><CO>0.44</CO><O3>25.6</O3><O3_8HR>43.3</O3_8HR><PM10>122</PM10><PM2.5>45</PM2.5><NO2>13.2</NO2><NOX>15.3</NOX><NO>2.1</NO><WIND_SPEED>0.3</WIND_SPEED><WIND_DIREC>56</WIND_DIREC><PUBLISHTIME>2023/03/25 00:00:00</PUBLISHTIME><CO_8HR>0.3</CO_8HR><PM2.5_AVG>30</PM2.5_AVG><PM10_AVG>63</PM10_AVG><SO2_AVG>1</SO2_AVG><LONGITUDE>120.82011468</LONGITUDE><LATITUDE>24.56499183</LATITUDE><SITEID>26</SITEID></data><data><SITENAME>三義</SITENAME><COUNTY>苗栗縣</COUNTY><AQI>76</AQI><POLLUTANT>細懸浮微粒</POLLUTANT><STATUS>普通</STATUS><SO2>1</SO2><CO>0.4</CO><O3>21.6</O3><O3_8HR>38.1</O3_8HR><PM10>46</PM10><PM2.5>29</PM2.5><NO2>9.4</NO2><NOX>10.3</NOX><NO>0.9</NO><WIND_SPEED>2.9</WIND_SPEED><WIND_DIREC>19</WIND_DIREC><PUBLISHTIME>2023/03/25 00:00:00</PUBLISHTIME><CO_8HR>0.3</CO_8HR><PM2.5_AVG>25</PM2.5_AVG><PM10_AVG>36</PM10_AVG><SO2_AVG>1</SO2_AVG><LONGITUDE>120.75956754</LONGITUDE><LATITUDE>24.38248443</LATITUDE><SITEID>27</SITEID></data><data><SITENAME>豐原</SITENAME><COUNTY>臺中市</COUNTY><AQI>79</AQI><POLLUTANT>細懸浮微粒</POLLUTANT><STATUS>普通</STATUS><SO2>1.2</SO2><CO>0.26</CO><O3>31.3</O3><O3_8HR>31.5</O3_8HR><PM10>36</PM10><PM2.5>26</PM2.5><NO2>5.2</NO2><NOX>5.8</NOX><NO>0.6</NO><WIND_SPEED>0.9</WIND_SPEED><WIND_DIREC>12</WIND_DIREC><PUBLISHTIME>2023/03/25 00:00:00</PUBLISHTIME><CO_8HR>0.3</CO_8HR><PM2.5_AVG>26</PM2.5_AVG><PM10_AVG>36</PM10_AVG><SO2_AVG>1</SO2_AVG><LONGITUDE>120.74252414</LONGITUDE><LATITUDE>24.25699731</LATITUDE><SITEID>28</SITEID></data><data><SITENAME>沙鹿</SITENAME><COUNTY>臺中市</COUNTY><AQI>70</AQI><POLLUTANT>細懸浮微粒</POLLUTANT><STATUS>普通</STATUS><SO2></SO2><CO>0.42</CO><O3>29.8</O3><O3_8HR>43.8</O3_8HR><PM10>73</PM10><PM2.5>38</PM2.5><NO2>11.3</NO2><NOX>11.9</NOX><NO>0.5</NO><WIND_SPEED>2.5</WIND_SPEED><WIND_DIREC>1</WIND_DIREC><PUBLISHTIME>2023/03/25 00:00:00</PUBLISHTIME><CO_8HR>0.3</CO_8HR><PM2.5_AVG>23</PM2.5_AVG><PM10_AVG>47</PM10_AVG><SO2_AVG>0</SO2_AVG><LONGITUDE>120.568794</LONGITUDE><LATITUDE>24.225628</LATITUDE><SITEID>29</SITEID></data><data><SITENAME>大里</SITENAME><COUNTY>臺中市</COUNTY><AQI>68</AQI><POLLUTANT>細懸浮微粒</POLLUTANT><STATUS>普通</STATUS><SO2>1.6</SO2><CO>0.49</CO><O3>23</O3><O3_8HR>29</O3_8HR><PM10>39</PM10><PM2.5>23</PM2.5><NO2>15.7</NO2><NOX>16.5</NOX><NO>0.7</NO><WIND_SPEED>1.4</WIND_SPEED><WIND_DIREC>253</WIND_DIREC><PUBLISHTIME>2023/03/25 00:00:00</PUBLISHTIME><CO_8HR>0.4</CO_8HR><PM2.5_AVG>22</PM2.5_AVG><PM10_AVG>39</PM10_AVG><SO2_AVG>1</SO2_AVG><LONGITUDE>120.67844444</LONGITUDE><LATITUDE>24.09961111</LATITUDE><SITEID>30</SITEID></data><data><SITENAME>忠明</SITENAME><COUNTY>臺中市</COUNTY><AQI>71</AQI><POLLUTANT>細懸浮微粒</POLLUTANT><STATUS>普通</STATUS><SO2>1.7</SO2><CO>0.41</CO><O3>26.1</O3><O3_8HR>35</O3_8HR><PM10>37</PM10><PM2.5>31</PM2.5><NO2>13.3</NO2><NOX>13.3</NOX><NO>0</NO><WIND_SPEED>1.7</WIND_SPEED><WIND_DIREC>330</WIND_DIREC><PUBLISHTIME>2023/03/25 00:00:00</PUBLISHTIME><CO_8HR>0.3</CO_8HR><PM2.5_AVG>23</PM2.5_AVG><PM10_AVG>37</PM10_AVG><SO2_AVG>1</SO2_AVG><LONGITUDE>120.641092</LONGITUDE><LATITUDE>24.151958</LATITUDE><SITEID>31</SITEID></data><data><SITENAME>西屯</SITENAME><COUNTY>臺中市</COUNTY><AQI>91</AQI><POLLUTANT>細懸浮微粒</POLLUTANT><STATUS>普通</STATUS><SO2>1</SO2><CO>0.4</CO><O3>25.4</O3><O3_8HR>35.9</O3_8HR><PM10>48</PM10><PM2.5>38</PM2.5><NO2></NO2><NOX></NOX><NO></NO><WIND_SPEED>1.5</WIND_SPEED><WIND_DIREC>38</WIND_DIREC><PUBLISHTIME>2023/03/25 00:00:00</PUBLISHTIME><CO_8HR>0.3</CO_8HR><PM2.5_AVG>31</PM2.5_AVG><PM10_AVG>43</PM10_AVG><SO2_AVG>1</SO2_AVG><LONGITUDE>120.616917</LONGITUDE><LATITUDE>24.162197</LATITUDE><SITEID>32</SITEID></data><data><SITENAME>彰化</SITENAME><COUNTY>彰化縣</COUNTY><AQI>72</AQI><POLLUTANT>細懸浮微粒</POLLUTANT><STATUS>普通</STATUS><SO2>1.2</SO2><CO>0.41</CO><O3>29</O3><O3_8HR>34.4</O3_8HR><PM10>45</PM10><PM2.5>31</PM2.5><NO2>12.4</NO2><NOX>12.5</NOX><NO>0.1</NO><WIND_SPEED>1.7</WIND_SPEED><WIND_DIREC>353</WIND_DIREC><PUBLISHTIME>2023/03/25 00:00:00</PUBLISHTIME><CO_8HR>0.4</CO_8HR><PM2.5_AVG>24</PM2.5_AVG><PM10_AVG>44</PM10_AVG><SO2_AVG>1</SO2_AVG><LONGITUDE>120.541519</LONGITUDE><LATITUDE>24.066</LATITUDE><SITEID>33</SITEID></data><data><SITENAME>線西</SITENAME><COUNTY>彰化縣</COUNTY><AQI>74</AQI><POLLUTANT>細懸浮微粒</POLLUTANT><STATUS>普通</STATUS><SO2>2.6</SO2><CO>0.51</CO><O3>29.1</O3><O3_8HR>43.5</O3_8HR><PM10>74</PM10><PM2.5>38</PM2.5><NO2>13.6</NO2><NOX>14.5</NOX><NO>0.8</NO><WIND_SPEED>3.2</WIND_SPEED><WIND_DIREC>34</WIND_DIREC><PUBLISHTIME>2023/03/25 00:00:00</PUBLISHTIME><CO_8HR>0.4</CO_8HR><PM2.5_AVG>24</PM2.5_AVG><PM10_AVG>51</PM10_AVG><SO2_AVG>2</SO2_AVG><LONGITUDE>120.469061</LONGITUDE><LATITUDE>24.131672</LATITUDE><SITEID>34</SITEID></data><data><SITENAME>二林</SITENAME><COUNTY>彰化縣</COUNTY><AQI>72</AQI><POLLUTANT>細懸浮微粒</POLLUTANT><STATUS>普通</STATUS><SO2>0.7</SO2><CO>0.5</CO><O3>33</O3><O3_8HR>41.4</O3_8HR><PM10>73</PM10><PM2.5>34</PM2.5><NO2>8.5</NO2><NOX>8.5</NOX><NO>0</NO><WIND_SPEED>1.7</WIND_SPEED><WIND_DIREC>23</WIND_DIREC><PUBLISHTIME>2023/03/25 00:00:00</PUBLISHTIME><CO_8HR>0.4</CO_8HR><PM2.5_AVG>23</PM2.5_AVG><PM10_AVG>59</PM10_AVG><SO2_AVG>0</SO2_AVG><LONGITUDE>120.409653</LONGITUDE><LATITUDE>23.925175</LATITUDE><SITEID>35</SITEID></data><data><SITENAME>南投</SITENAME><COUNTY>南投縣</COUNTY><AQI>86</AQI><POLLUTANT>細懸浮微粒</POLLUTANT><STATUS>普通</STATUS><SO2>1.1</SO2><CO>0.46</CO><O3>9.1</O3><O3_8HR>18.1</O3_8HR><PM10>36</PM10><PM2.5>31</PM2.5><NO2>19.4</NO2><NOX>20.4</NOX><NO>0.9</NO><WIND_SPEED>0.8</WIND_SPEED><WIND_DIREC>222</WIND_DIREC><PUBLISHTIME>2023/03/25 00:00:00</PUBLISHTIME><CO_8HR>0.4</CO_8HR><PM2.5_AVG>29</PM2.5_AVG><PM10_AVG>40</PM10_AVG><SO2_AVG>1</SO2_AVG><LONGITUDE>120.685306</LONGITUDE><LATITUDE>23.913</LATITUDE><SITEID>36</SITEID></data><data><SITENAME>斗六</SITENAME><COUNTY>雲林縣</COUNTY><AQI>92</AQI><POLLUTANT>細懸浮微粒</POLLUTANT><STATUS>普通</STATUS><SO2>1.6</SO2><CO>0.41</CO><O3>31.6</O3><O3_8HR>31.4</O3_8HR><PM10>54</PM10><PM2.5>24</PM2.5><NO2>10</NO2><NOX>11.2</NOX><NO>1.2</NO><WIND_SPEED>0.7</WIND_SPEED><WIND_DIREC>50</WIND_DIREC><PUBLISHTIME>2023/03/25 00:00:00</PUBLISHTIME><CO_8HR>0.4</CO_8HR><PM2.5_AVG>32</PM2.5_AVG><PM10_AVG>61</PM10_AVG><SO2_AVG>1</SO2_AVG><LONGITUDE>120.544994</LONGITUDE><LATITUDE>23.711853</LATITUDE><SITEID>37</SITEID></data><data><SITENAME>崙背</SITENAME><COUNTY>雲林縣</COUNTY><AQI>72</AQI><POLLUTANT>細懸浮微粒</POLLUTANT><STATUS>普通</STATUS><SO2>2.2</SO2><CO>0.45</CO><O3>32.3</O3><O3_8HR>36.7</O3_8HR><PM10>66</PM10><PM2.5>28</PM2.5><NO2>8.5</NO2><NOX>8.9</NOX><NO>0.4</NO><WIND_SPEED>0.9</WIND_SPEED><WIND_DIREC>337</WIND_DIREC><PUBLISHTIME>2023/03/25 00:00:00</PUBLISHTIME><CO_8HR>0.3</CO_8HR><PM2.5_AVG>24</PM2.5_AVG><PM10_AVG>50</PM10_AVG><SO2_AVG>1</SO2_AVG><LONGITUDE>120.348742</LONGITUDE><LATITUDE>23.757547</LATITUDE><SITEID>38</SITEID></data><data><SITENAME>新港</SITENAME><COUNTY>嘉義縣</COUNTY><AQI>77</AQI><POLLUTANT>細懸浮微粒</POLLUTANT><STATUS>普通</STATUS><SO2>1.8</SO2><CO>0.33</CO><O3>41.1</O3><O3_8HR>38.8</O3_8HR><PM10>46</PM10><PM2.5>25</PM2.5><NO2>4.8</NO2><NOX>5.1</NOX><NO>0.3</NO><WIND_SPEED>1.2</WIND_SPEED><WIND_DIREC>320</WIND_DIREC><PUBLISHTIME>2023/03/25 00:00:00</PUBLISHTIME><CO_8HR>0.3</CO_8HR><PM2.5_AVG>26</PM2.5_AVG><PM10_AVG>52</PM10_AVG><SO2_AVG>5</SO2_AVG><LONGITUDE>120.345531</LONGITUDE><LATITUDE>23.554839</LATITUDE><SITEID>39</SITEID></data><data><SITENAME>朴子</SITENAME><COUNTY>嘉義縣</COUNTY><AQI>67</AQI><POLLUTANT>細懸浮微粒</POLLUTANT><STATUS>普通</STATUS><SO2>1.1</SO2><CO>0.33</CO><O3>47.4</O3><O3_8HR>40.3</O3_8HR><PM10>43</PM10><PM2.5>18</PM2.5><NO2>2.6</NO2><NOX>2.4</NOX><NO>0</NO><WIND_SPEED>1.3</WIND_SPEED><WIND_DIREC>356</WIND_DIREC><PUBLISHTIME>2023/03/25 00:00:00</PUBLISHTIME><CO_8HR>0.3</CO_8HR><PM2.5_AVG>21</PM2.5_AVG><PM10_AVG>43</PM10_AVG><SO2_AVG>1</SO2_AVG><LONGITUDE>120.2478</LONGITUDE><LATITUDE>23.46538</LATITUDE><SITEID>40</SITEID></data><data><SITENAME>臺西</SITENAME><COUNTY>雲林縣</COUNTY><AQI>57</AQI><POLLUTANT>細懸浮微粒</POLLUTANT><STATUS>普通</STATUS><SO2>0.8</SO2><CO>0.35</CO><O3>48.7</O3><O3_8HR>49.2</O3_8HR><PM10>68</PM10><PM2.5>27</PM2.5><NO2>4.1</NO2><NOX>5.2</NOX><NO>1</NO><WIND_SPEED>4</WIND_SPEED><WIND_DIREC>29</WIND_DIREC><PUBLISHTIME>2023/03/25 00:00:00</PUBLISHTIME><CO_8HR>0.2</CO_8HR><PM2.5_AVG>17</PM2.5_AVG><PM10_AVG>38</PM10_AVG><SO2_AVG>1</SO2_AVG><LONGITUDE>120.19933333</LONGITUDE><LATITUDE>23.702175</LATITUDE><SITEID>41</SITEID></data><data><SITENAME>嘉義</SITENAME><COUNTY>嘉義市</COUNTY><AQI>91</AQI><POLLUTANT>細懸浮微粒</POLLUTANT><STATUS>普通</STATUS><SO2>3.7</SO2><CO>0.56</CO><O3>31.2</O3><O3_8HR>29.6</O3_8HR><PM10>58</PM10><PM2.5>27</PM2.5><NO2>11.9</NO2><NOX>12.7</NOX><NO>0.7</NO><WIND_SPEED>1.1</WIND_SPEED><WIND_DIREC>76</WIND_DIREC><PUBLISHTIME>2023/03/25 00:00:00</PUBLISHTIME><CO_8HR>0.4</CO_8HR><PM2.5_AVG>31</PM2.5_AVG><PM10_AVG>65</PM10_AVG><SO2_AVG>2</SO2_AVG><LONGITUDE>120.44125148</LONGITUDE><LATITUDE>23.46477865</LATITUDE><SITEID>42</SITEID></data><data><SITENAME>新營</SITENAME><COUNTY>臺南市</COUNTY><AQI>79</AQI><POLLUTANT>細懸浮微粒</POLLUTANT><STATUS>普通</STATUS><SO2>0.7</SO2><CO>0.28</CO><O3>44.7</O3><O3_8HR>35.2</O3_8HR><PM10>34</PM10><PM2.5>15</PM2.5><NO2>4.5</NO2><NOX>4.9</NOX><NO>0.3</NO><WIND_SPEED>1.6</WIND_SPEED><WIND_DIREC>12</WIND_DIREC><PUBLISHTIME>2023/03/25 00:00:00</PUBLISHTIME><CO_8HR>0.3</CO_8HR><PM2.5_AVG>26</PM2.5_AVG><PM10_AVG>48</PM10_AVG><SO2_AVG>1</SO2_AVG><LONGITUDE>120.31725</LONGITUDE><LATITUDE>23.305633</LATITUDE><SITEID>43</SITEID></data><data><SITENAME>善化</SITENAME><COUNTY>臺南市</COUNTY><AQI>75</AQI><POLLUTANT>細懸浮微粒</POLLUTANT><STATUS>普通</STATUS><SO2>1</SO2><CO>0.28</CO><O3>35.3</O3><O3_8HR>35.1</O3_8HR><PM10>32</PM10><PM2.5>15</PM2.5><NO2>7.6</NO2><NOX>7.9</NOX><NO>0.3</NO><WIND_SPEED>2.1</WIND_SPEED><WIND_DIREC>2</WIND_DIREC><PUBLISHTIME>2023/03/25 00:00:00</PUBLISHTIME><CO_8HR>0.2</CO_8HR><PM2.5_AVG>25</PM2.5_AVG><PM10_AVG>42</PM10_AVG><SO2_AVG>2</SO2_AVG><LONGITUDE>120.29740529</LONGITUDE><LATITUDE>23.11337642</LATITUDE><SITEID>44</SITEID></data><data><SITENAME>安南</SITENAME><COUNTY>臺南市</COUNTY><AQI>83</AQI><POLLUTANT>細懸浮微粒</POLLUTANT><STATUS>普通</STATUS><SO2>0.8</SO2><CO>0.32</CO><O3>33.7</O3><O3_8HR>33.7</O3_8HR><PM10>40</PM10><PM2.5>21</PM2.5><NO2>7</NO2><NOX>7.3</NOX><NO>0.3</NO><WIND_SPEED>2.8</WIND_SPEED><WIND_DIREC>339</WIND_DIREC><PUBLISHTIME>2023/03/25 00:00:00</PUBLISHTIME><CO_8HR>0.3</CO_8HR><PM2.5_AVG>28</PM2.5_AVG><PM10_AVG>54</PM10_AVG><SO2_AVG>0</SO2_AVG><LONGITUDE>120.2175</LONGITUDE><LATITUDE>23.048197</LATITUDE><SITEID>45</SITEID></data><data><SITENAME>臺南</SITENAME><COUNTY>臺南市</COUNTY><AQI>75</AQI><POLLUTANT>細懸浮微粒</POLLUTANT><STATUS>普通</STATUS><SO2>0.4</SO2><CO>0.27</CO><O3>28.4</O3><O3_8HR>28.3</O3_8HR><PM10>35</PM10><PM2.5>15</PM2.5><NO2>8</NO2><NOX>8.1</NOX><NO>0.1</NO><WIND_SPEED>1.9</WIND_SPEED><WIND_DIREC>317</WIND_DIREC><PUBLISHTIME>2023/03/25 00:00:00</PUBLISHTIME><CO_8HR>0.3</CO_8HR><PM2.5_AVG>25</PM2.5_AVG><PM10_AVG>50</PM10_AVG><SO2_AVG>0</SO2_AVG><LONGITUDE>120.22085</LONGITUDE><LATITUDE>22.99123</LATITUDE><SITEID>46</SITEID></data><data><SITENAME>美濃</SITENAME><COUNTY>高雄市</COUNTY><AQI>100</AQI><POLLUTANT>細懸浮微粒</POLLUTANT><STATUS>普通</STATUS><SO2>0.7</SO2><CO>0.27</CO><O3>26.1</O3><O3_8HR>41</O3_8HR><PM10>49</PM10><PM2.5>33</PM2.5><NO2>5</NO2><NOX>5.4</NOX><NO>0.4</NO><WIND_SPEED>0.5</WIND_SPEED><WIND_DIREC>12</WIND_DIREC><PUBLISHTIME>2023/03/25 00:00:00</PUBLISHTIME><CO_8HR>0.2</CO_8HR><PM2.5_AVG>35</PM2.5_AVG><PM10_AVG>52</PM10_AVG><SO2_AVG>1</SO2_AVG><LONGITUDE>120.530542</LONGITUDE><LATITUDE>22.883583</LATITUDE><SITEID>47</SITEID></data><data><SITENAME>橋頭</SITENAME><COUNTY>高雄市</COUNTY><AQI>100</AQI><POLLUTANT>細懸浮微粒</POLLUTANT><STATUS>普通</STATUS><SO2>1.6</SO2><CO>0.46</CO><O3>14.2</O3><O3_8HR>26.7</O3_8HR><PM10>60</PM10><PM2.5>34</PM2.5><NO2>17.6</NO2><NOX>18.4</NOX><NO>0.7</NO><WIND_SPEED>1.3</WIND_SPEED><WIND_DIREC>359</WIND_DIREC><PUBLISHTIME>2023/03/25 00:00:00</PUBLISHTIME><CO_8HR>0.3</CO_8HR><PM2.5_AVG>35</PM2.5_AVG><PM10_AVG>61</PM10_AVG><SO2_AVG>1</SO2_AVG><LONGITUDE>120.305689</LONGITUDE><LATITUDE>22.757506</LATITUDE><SITEID>48</SITEID></data><data><SITENAME>仁武</SITENAME><COUNTY>高雄市</COUNTY><AQI>97</AQI><POLLUTANT>細懸浮微粒</POLLUTANT><STATUS>普通</STATUS><SO2>1.7</SO2><CO>0.3</CO><O3>23.6</O3><O3_8HR>23.6</O3_8HR><PM10>48</PM10><PM2.5>28</PM2.5><NO2>16.7</NO2><NOX>16.9</NOX><NO>0.2</NO><WIND_SPEED>1.8</WIND_SPEED><WIND_DIREC>227</WIND_DIREC><PUBLISHTIME>2023/03/25 00:00:00</PUBLISHTIME><CO_8HR>0.3</CO_8HR><PM2.5_AVG>34</PM2.5_AVG><PM10_AVG>57</PM10_AVG><SO2_AVG>1</SO2_AVG><LONGITUDE>120.332631</LONGITUDE><LATITUDE>22.689056</LATITUDE><SITEID>49</SITEID></data><data><SITENAME>鳳山</SITENAME><COUNTY>高雄市</COUNTY><AQI>103</AQI><POLLUTANT>細懸浮微粒</POLLUTANT><STATUS>對敏感族群不健康</STATUS><SO2>2.6</SO2><CO>0.34</CO><O3>19.8</O3><O3_8HR>20</O3_8HR><PM10>43</PM10><PM2.5>35</PM2.5><NO2>18.2</NO2><NOX>19.9</NOX><NO>1.7</NO><WIND_SPEED>0.7</WIND_SPEED><WIND_DIREC>283</WIND_DIREC><PUBLISHTIME>2023/03/25 00:00:00</PUBLISHTIME><CO_8HR>0.6</CO_8HR><PM2.5_AVG>36</PM2.5_AVG><PM10_AVG>52</PM10_AVG><SO2_AVG>2</SO2_AVG><LONGITUDE>120.357422</LONGITUDE><LATITUDE>22.628126</LATITUDE><SITEID>50</SITEID></data><data><SITENAME>大寮</SITENAME><COUNTY>高雄市</COUNTY><AQI>98</AQI><POLLUTANT>細懸浮微粒</POLLUTANT><STATUS>普通</STATUS><SO2>1.4</SO2><CO>0.23</CO><O3>28.7</O3><O3_8HR>26.2</O3_8HR><PM10>39</PM10><PM2.5>25</PM2.5><NO2>6</NO2><NOX>6.8</NOX><NO>0.8</NO><WIND_SPEED>0.7</WIND_SPEED><WIND_DIREC>314</WIND_DIREC><PUBLISHTIME>2023/03/25 00:00:00</PUBLISHTIME><CO_8HR>0.3</CO_8HR><PM2.5_AVG>34</PM2.5_AVG><PM10_AVG>53</PM10_AVG><SO2_AVG>2</SO2_AVG><LONGITUDE>120.425311</LONGITUDE><LATITUDE>22.56413611</LATITUDE><SITEID>51</SITEID></data><data><SITENAME>林園</SITENAME><COUNTY>高雄市</COUNTY><AQI>73</AQI><POLLUTANT>細懸浮微粒</POLLUTANT><STATUS>普通</STATUS><SO2>0.7</SO2><CO>0.19</CO><O3>35.6</O3><O3_8HR>29.3</O3_8HR><PM10>29</PM10><PM2.5>9</PM2.5><NO2>2.4</NO2><NOX>3</NOX><NO>0.5</NO><WIND_SPEED>0.7</WIND_SPEED><WIND_DIREC>251</WIND_DIREC><PUBLISHTIME>2023/03/25 00:00:00</PUBLISHTIME><CO_8HR>0.2</CO_8HR><PM2.5_AVG>24</PM2.5_AVG><PM10_AVG>47</PM10_AVG><SO2_AVG>1</SO2_AVG><LONGITUDE>120.41175</LONGITUDE><LATITUDE>22.4795</LATITUDE><SITEID>52</SITEID></data><data><SITENAME>楠梓</SITENAME><COUNTY>高雄市</COUNTY><AQI>100</AQI><POLLUTANT>細懸浮微粒</POLLUTANT><STATUS>普通</STATUS><SO2>2</SO2><CO>0.49</CO><O3>16.5</O3><O3_8HR>27.9</O3_8HR><PM10>59</PM10><PM2.5>40</PM2.5><NO2>19.2</NO2><NOX>19.6</NOX><NO>0.3</NO><WIND_SPEED>0.9</WIND_SPEED><WIND_DIREC>307</WIND_DIREC><PUBLISHTIME>2023/03/25 00:00:00</PUBLISHTIME><CO_8HR>0.3</CO_8HR><PM2.5_AVG>35</PM2.5_AVG><PM10_AVG>60</PM10_AVG><SO2_AVG>1</SO2_AVG><LONGITUDE>120.328289</LONGITUDE><LATITUDE>22.733667</LATITUDE><SITEID>53</SITEID></data><data><SITENAME>左營</SITENAME><COUNTY>高雄市</COUNTY><AQI>81</AQI><POLLUTANT>細懸浮微粒</POLLUTANT><STATUS>普通</STATUS><SO2>1.3</SO2><CO>0.28</CO><O3>27.3</O3><O3_8HR>33</O3_8HR><PM10>58</PM10><PM2.5>26</PM2.5><NO2>10.2</NO2><NOX>10.9</NOX><NO>0.6</NO><WIND_SPEED>1.7</WIND_SPEED><WIND_DIREC>277</WIND_DIREC><PUBLISHTIME>2023/03/25 00:00:00</PUBLISHTIME><CO_8HR>0.2</CO_8HR><PM2.5_AVG>27</PM2.5_AVG><PM10_AVG>56</PM10_AVG><SO2_AVG>1</SO2_AVG><LONGITUDE>120.292917</LONGITUDE><LATITUDE>22.674861</LATITUDE><SITEID>54</SITEID></data><data><SITENAME>前金</SITENAME><COUNTY>高雄市</COUNTY><AQI>92</AQI><POLLUTANT>細懸浮微粒</POLLUTANT><STATUS>普通</STATUS><SO2>1.3</SO2><CO>0.26</CO><O3>26.8</O3><O3_8HR>33.8</O3_8HR><PM10>46</PM10><PM2.5>32</PM2.5><NO2>13.7</NO2><NOX>13.9</NOX><NO>0.1</NO><WIND_SPEED>1.2</WIND_SPEED><WIND_DIREC>295</WIND_DIREC><PUBLISHTIME>2023/03/25 00:00:00</PUBLISHTIME><CO_8HR>0.3</CO_8HR><PM2.5_AVG>32</PM2.5_AVG><PM10_AVG>50</PM10_AVG><SO2_AVG>1</SO2_AVG><LONGITUDE>120.28676111</LONGITUDE><LATITUDE>22.63390278</LATITUDE><SITEID>56</SITEID></data><data><SITENAME>前鎮</SITENAME><COUNTY>高雄市</COUNTY><AQI>93</AQI><POLLUTANT>細懸浮微粒</POLLUTANT><STATUS>普通</STATUS><SO2>2.2</SO2><CO>0.22</CO><O3>27.5</O3><O3_8HR>23.5</O3_8HR><PM10>41</PM10><PM2.5>29</PM2.5><NO2>12.4</NO2><NOX>12.6</NOX><NO>0.2</NO><WIND_SPEED>0.6</WIND_SPEED><WIND_DIREC>193</WIND_DIREC><PUBLISHTIME>2023/03/25 00:00:00</PUBLISHTIME><CO_8HR>0.4</CO_8HR><PM2.5_AVG>32</PM2.5_AVG><PM10_AVG>53</PM10_AVG><SO2_AVG>2</SO2_AVG><LONGITUDE>120.30833356</LONGITUDE><LATITUDE>22.6044507</LATITUDE><SITEID>57</SITEID></data><data><SITENAME>小港</SITENAME><COUNTY>高雄市</COUNTY><AQI>100</AQI><POLLUTANT>細懸浮微粒</POLLUTANT><STATUS>普通</STATUS><SO2>1.1</SO2><CO>0.2</CO><O3>26.2</O3><O3_8HR>22.7</O3_8HR><PM10>44</PM10><PM2.5>32</PM2.5><NO2>15.5</NO2><NOX>17.1</NOX><NO>1.5</NO><WIND_SPEED>1.8</WIND_SPEED><WIND_DIREC>256</WIND_DIREC><PUBLISHTIME>2023/03/25 00:00:00</PUBLISHTIME><CO_8HR>0.3</CO_8HR><PM2.5_AVG>35</PM2.5_AVG><PM10_AVG>48</PM10_AVG><SO2_AVG>1</SO2_AVG><LONGITUDE>120.337736</LONGITUDE><LATITUDE>22.565833</LATITUDE><SITEID>58</SITEID></data><data><SITENAME>屏東</SITENAME><COUNTY>屏東縣</COUNTY><AQI>102</AQI><POLLUTANT>細懸浮微粒</POLLUTANT><STATUS>對敏感族群不健康</STATUS><SO2>2.3</SO2><CO>0.38</CO><O3>18</O3><O3_8HR>32.5</O3_8HR><PM10>64</PM10><PM2.5>38</PM2.5><NO2>14.4</NO2><NOX>15</NOX><NO>0.6</NO><WIND_SPEED>0.5</WIND_SPEED><WIND_DIREC>310</WIND_DIREC><PUBLISHTIME>2023/03/25 00:00:00</PUBLISHTIME><CO_8HR>0.3</CO_8HR><PM2.5_AVG>35</PM2.5_AVG><PM10_AVG>60</PM10_AVG><SO2_AVG>1</SO2_AVG><LONGITUDE>120.488033</LONGITUDE><LATITUDE>22.673081</LATITUDE><SITEID>59</SITEID></data><data><SITENAME>潮州</SITENAME><COUNTY>屏東縣</COUNTY><AQI>110</AQI><POLLUTANT>細懸浮微粒</POLLUTANT><STATUS>對敏感族群不健康</STATUS><SO2>1.4</SO2><CO>0.25</CO><O3>20.2</O3><O3_8HR>26.7</O3_8HR><PM10>49</PM10><PM2.5>43</PM2.5><NO2>8.1</NO2><NOX>9.1</NOX><NO>0.9</NO><WIND_SPEED>1.5</WIND_SPEED><WIND_DIREC>45</WIND_DIREC><PUBLISHTIME>2023/03/25 00:00:00</PUBLISHTIME><CO_8HR>0.2</CO_8HR><PM2.5_AVG>38</PM2.5_AVG><PM10_AVG>57</PM10_AVG><SO2_AVG>2</SO2_AVG><LONGITUDE>120.561175</LONGITUDE><LATITUDE>22.523108</LATITUDE><SITEID>60</SITEID></data><data><SITENAME>恆春</SITENAME><COUNTY>屏東縣</COUNTY><AQI>43</AQI><POLLUTANT></POLLUTANT><STATUS>良好</STATUS><SO2>0.6</SO2><CO>0.25</CO><O3>49.8</O3><O3_8HR>45.3</O3_8HR><PM10>20</PM10><PM2.5>7</PM2.5><NO2>0.8</NO2><NOX>1.4</NOX><NO>0.5</NO><WIND_SPEED>6.9</WIND_SPEED><WIND_DIREC>38</WIND_DIREC><PUBLISHTIME>2023/03/25 00:00:00</PUBLISHTIME><CO_8HR>0.2</CO_8HR><PM2.5_AVG>13</PM2.5_AVG><PM10_AVG>21</PM10_AVG><SO2_AVG>0</SO2_AVG><LONGITUDE>120.788928</LONGITUDE><LATITUDE>21.958069</LATITUDE><SITEID>61</SITEID></data><data><SITENAME>臺東</SITENAME><COUNTY>臺東縣</COUNTY><AQI>40</AQI><POLLUTANT></POLLUTANT><STATUS>良好</STATUS><SO2>0.4</SO2><CO>0.26</CO><O3>39</O3><O3_8HR>43.1</O3_8HR><PM10>11</PM10><PM2.5>8</PM2.5><NO2>2.5</NO2><NOX>3</NOX><NO>0.5</NO><WIND_SPEED>1.1</WIND_SPEED><WIND_DIREC>318</WIND_DIREC><PUBLISHTIME>2023/03/25 00:00:00</PUBLISHTIME><CO_8HR>0.2</CO_8HR><PM2.5_AVG>10</PM2.5_AVG><PM10_AVG>19</PM10_AVG><SO2_AVG>0</SO2_AVG><LONGITUDE>121.15045</LONGITUDE><LATITUDE>22.755358</LATITUDE><SITEID>62</SITEID></data><data><SITENAME>花蓮</SITENAME><COUNTY>花蓮縣</COUNTY><AQI>39</AQI><POLLUTANT></POLLUTANT><STATUS>良好</STATUS><SO2>0.3</SO2><CO>0.35</CO><O3>30.9</O3><O3_8HR>40.3</O3_8HR><PM10>27</PM10><PM2.5>10</PM2.5><NO2>5.8</NO2><NOX>6.2</NOX><NO>0.3</NO><WIND_SPEED>1.2</WIND_SPEED><WIND_DIREC>307</WIND_DIREC><PUBLISHTIME>2023/03/25 00:00:00</PUBLISHTIME><CO_8HR>0.4</CO_8HR><PM2.5_AVG>11</PM2.5_AVG><PM10_AVG>23</PM10_AVG><SO2_AVG>0</SO2_AVG><LONGITUDE>121.599769</LONGITUDE><LATITUDE>23.971306</LATITUDE><SITEID>63</SITEID></data><data><SITENAME>陽明</SITENAME><COUNTY>臺北市</COUNTY><AQI>33</AQI><POLLUTANT></POLLUTANT><STATUS>良好</STATUS><SO2>0.4</SO2><CO>0.26</CO><O3>36.3</O3><O3_8HR>36</O3_8HR><PM10>13</PM10><PM2.5>5</PM2.5><NO2>2.6</NO2><NOX>3.3</NOX><NO>0.6</NO><WIND_SPEED></WIND_SPEED><WIND_DIREC></WIND_DIREC><PUBLISHTIME>2023/03/25 00:00:00</PUBLISHTIME><CO_8HR>0.2</CO_8HR><PM2.5_AVG>9</PM2.5_AVG><PM10_AVG>14</PM10_AVG><SO2_AVG>0</SO2_AVG><LONGITUDE>121.529583</LONGITUDE><LATITUDE>25.182722</LATITUDE><SITEID>64</SITEID></data><data><SITENAME>宜蘭</SITENAME><COUNTY>宜蘭縣</COUNTY><AQI>48</AQI><POLLUTANT></POLLUTANT><STATUS>良好</STATUS><SO2>0.5</SO2><CO>0.27</CO><O3>40.9</O3><O3_8HR>41.2</O3_8HR><PM10>68</PM10><PM2.5>21</PM2.5><NO2>3.3</NO2><NOX>4</NOX><NO>0.7</NO><WIND_SPEED>0.9</WIND_SPEED><WIND_DIREC>302</WIND_DIREC><PUBLISHTIME>2023/03/25 00:00:00</PUBLISHTIME><CO_8HR>0.3</CO_8HR><PM2.5_AVG>14</PM2.5_AVG><PM10_AVG>37</PM10_AVG><SO2_AVG>0</SO2_AVG><LONGITUDE>121.746394</LONGITUDE><LATITUDE>24.747917</LATITUDE><SITEID>65</SITEID></data><data><SITENAME>冬山</SITENAME><COUNTY>宜蘭縣</COUNTY><AQI>64</AQI><POLLUTANT>懸浮微粒</POLLUTANT><STATUS>普通</STATUS><SO2>0.6</SO2><CO>0.27</CO><O3>47.1</O3><O3_8HR>42.5</O3_8HR><PM10>154</PM10><PM2.5>37</PM2.5><NO2>2.3</NO2><NOX>2.8</NOX><NO>0.4</NO><WIND_SPEED>1.5</WIND_SPEED><WIND_DIREC>12</WIND_DIREC><PUBLISHTIME>2023/03/25 00:00:00</PUBLISHTIME><CO_8HR>0.4</CO_8HR><PM2.5_AVG>18</PM2.5_AVG><PM10_AVG>64</PM10_AVG><SO2_AVG>0</SO2_AVG><LONGITUDE>121.792928</LONGITUDE><LATITUDE>24.632203</LATITUDE><SITEID>66</SITEID></data><data><SITENAME>三重</SITENAME><COUNTY>新北市</COUNTY><AQI>82</AQI><POLLUTANT>細懸浮微粒</POLLUTANT><STATUS>普通</STATUS><SO2>0.4</SO2><CO>0.67</CO><O3>23.1</O3><O3_8HR>19</O3_8HR><PM10>64</PM10><PM2.5>25</PM2.5><NO2>23.5</NO2><NOX>36.5</NOX><NO>13</NO><WIND_SPEED>-</WIND_SPEED><WIND_DIREC>-</WIND_DIREC><PUBLISHTIME>2023/03/25 00:00:00</PUBLISHTIME><CO_8HR>1</CO_8HR><PM2.5_AVG>27</PM2.5_AVG><PM10_AVG>76</PM10_AVG><SO2_AVG>1</SO2_AVG><LONGITUDE>121.493806</LONGITUDE><LATITUDE>25.072611</LATITUDE><SITEID>67</SITEID></data><data><SITENAME>中壢</SITENAME><COUNTY>桃園市</COUNTY><AQI>106</AQI><POLLUTANT>細懸浮微粒</POLLUTANT><STATUS>對敏感族群不健康</STATUS><SO2>0.9</SO2><CO>0.51</CO><O3>25.2</O3><O3_8HR>23.2</O3_8HR><PM10>90</PM10><PM2.5>36</PM2.5><NO2>16.6</NO2><NOX>20.3</NOX><NO>3.6</NO><WIND_SPEED>1</WIND_SPEED><WIND_DIREC>315</WIND_DIREC><PUBLISHTIME>2023/03/25 00:00:00</PUBLISHTIME><CO_8HR>0.8</CO_8HR><PM2.5_AVG>37</PM2.5_AVG><PM10_AVG>99</PM10_AVG><SO2_AVG>1</SO2_AVG><LONGITUDE>121.221667</LONGITUDE><LATITUDE>24.953278</LATITUDE><SITEID>68</SITEID></data><data><SITENAME>竹山</SITENAME><COUNTY>南投縣</COUNTY><AQI>97</AQI><POLLUTANT>細懸浮微粒</POLLUTANT><STATUS>普通</STATUS><SO2>1.3</SO2><CO>0.37</CO><O3>11.4</O3><O3_8HR>26.2</O3_8HR><PM10>47</PM10><PM2.5>36</PM2.5><NO2>15.6</NO2><NOX>16.4</NOX><NO>0.7</NO><WIND_SPEED>0.4</WIND_SPEED><WIND_DIREC>26</WIND_DIREC><PUBLISHTIME>2023/03/25 00:00:00</PUBLISHTIME><CO_8HR>0.3</CO_8HR><PM2.5_AVG>34</PM2.5_AVG><PM10_AVG>45</PM10_AVG><SO2_AVG>1</SO2_AVG><LONGITUDE>120.677306</LONGITUDE><LATITUDE>23.756389</LATITUDE><SITEID>69</SITEID></data><data><SITENAME>永和</SITENAME><COUNTY>新北市</COUNTY><AQI>84</AQI><POLLUTANT>細懸浮微粒</POLLUTANT><STATUS>普通</STATUS><SO2>1</SO2><CO>0.33</CO><O3>37</O3><O3_8HR>29.3</O3_8HR><PM10>91</PM10><PM2.5>26</PM2.5><NO2>9.1</NO2><NOX>9.7</NOX><NO>0.6</NO><WIND_SPEED>2.4</WIND_SPEED><WIND_DIREC>83</WIND_DIREC><PUBLISHTIME>2023/03/25 00:00:00</PUBLISHTIME><CO_8HR>0.8</CO_8HR><PM2.5_AVG>28</PM2.5_AVG><PM10_AVG>84</PM10_AVG><SO2_AVG>1</SO2_AVG><LONGITUDE>121.516306</LONGITUDE><LATITUDE>25.017</LATITUDE><SITEID>70</SITEID></data><data><SITENAME>復興</SITENAME><COUNTY>高雄市</COUNTY><AQI>92</AQI><POLLUTANT>細懸浮微粒</POLLUTANT><STATUS>普通</STATUS><SO2>1.4</SO2><CO>0.23</CO><O3>28.6</O3><O3_8HR>24.1</O3_8HR><PM10>40</PM10><PM2.5>24</PM2.5><NO2>12.6</NO2><NOX>13.3</NOX><NO>0.6</NO><WIND_SPEED>0.5</WIND_SPEED><WIND_DIREC>229</WIND_DIREC><PUBLISHTIME>2023/03/25 00:00:00</PUBLISHTIME><CO_8HR>0.5</CO_8HR><PM2.5_AVG>32</PM2.5_AVG><PM10_AVG>46</PM10_AVG><SO2_AVG>1</SO2_AVG><LONGITUDE>120.312017</LONGITUDE><LATITUDE>22.608711</LATITUDE><SITEID>71</SITEID></data><data><SITENAME>埔里</SITENAME><COUNTY>南投縣</COUNTY><AQI>90</AQI><POLLUTANT>細懸浮微粒</POLLUTANT><STATUS>普通</STATUS><SO2>1.8</SO2><CO>0.36</CO><O3>19.7</O3><O3_8HR>37.2</O3_8HR><PM10>48</PM10><PM2.5>31</PM2.5><NO2>10.6</NO2><NOX>10.7</NOX><NO>0.1</NO><WIND_SPEED>0.3</WIND_SPEED><WIND_DIREC>328</WIND_DIREC><PUBLISHTIME>2023/03/25 00:00:00</PUBLISHTIME><CO_8HR>0.3</CO_8HR><PM2.5_AVG>31</PM2.5_AVG><PM10_AVG>44</PM10_AVG><SO2_AVG>1</SO2_AVG><LONGITUDE>120.967903</LONGITUDE><LATITUDE>23.968842</LATITUDE><SITEID>72</SITEID></data><data><SITENAME>馬祖</SITENAME><COUNTY>連江縣</COUNTY><AQI>95</AQI><POLLUTANT>細懸浮微粒</POLLUTANT><STATUS>普通</STATUS><SO2>0.8</SO2><CO>0.22</CO><O3>41.2</O3><O3_8HR>42.6</O3_8HR><PM10>34</PM10><PM2.5>16</PM2.5><NO2>4.4</NO2><NOX>4.8</NOX><NO>0.3</NO><WIND_SPEED>2.2</WIND_SPEED><WIND_DIREC>314</WIND_DIREC><PUBLISHTIME>2023/03/25 00:00:00</PUBLISHTIME><CO_8HR>0.2</CO_8HR><PM2.5_AVG>33</PM2.5_AVG><PM10_AVG>70</PM10_AVG><SO2_AVG>1</SO2_AVG><LONGITUDE>119.93149378</LONGITUDE><LATITUDE>26.15188416</LATITUDE><SITEID>75</SITEID></data><data><SITENAME>金門</SITENAME><COUNTY>金門縣</COUNTY><AQI>79</AQI><POLLUTANT>細懸浮微粒</POLLUTANT><STATUS>普通</STATUS><SO2>0.7</SO2><CO>0.34</CO><O3>36.7</O3><O3_8HR>27.8</O3_8HR><PM10>34</PM10><PM2.5>26</PM2.5><NO2>7</NO2><NOX>7.6</NOX><NO>0.5</NO><WIND_SPEED>3.1</WIND_SPEED><WIND_DIREC>70</WIND_DIREC><PUBLISHTIME>2023/03/25 00:00:00</PUBLISHTIME><CO_8HR>0.5</CO_8HR><PM2.5_AVG>26</PM2.5_AVG><PM10_AVG>38</PM10_AVG><SO2_AVG>0</SO2_AVG><LONGITUDE>118.312256</LONGITUDE><LATITUDE>24.432133</LATITUDE><SITEID>77</SITEID></data><data><SITENAME>馬公</SITENAME><COUNTY>澎湖縣</COUNTY><AQI>55</AQI><POLLUTANT>細懸浮微粒</POLLUTANT><STATUS>普通</STATUS><SO2>0.6</SO2><CO>0.26</CO><O3>48.2</O3><O3_8HR>55</O3_8HR><PM10>71</PM10><PM2.5>32</PM2.5><NO2>2.5</NO2><NOX>3.1</NOX><NO>0.5</NO><WIND_SPEED>3.6</WIND_SPEED><WIND_DIREC>26</WIND_DIREC><PUBLISHTIME>2023/03/25 00:00:00</PUBLISHTIME><CO_8HR>0.2</CO_8HR><PM2.5_AVG>17</PM2.5_AVG><PM10_AVG>36</PM10_AVG><SO2_AVG>0</SO2_AVG><LONGITUDE>119.566158</LONGITUDE><LATITUDE>23.569031</LATITUDE><SITEID>78</SITEID></data><data><SITENAME>關山</SITENAME><COUNTY>臺東縣</COUNTY><AQI>36</AQI><POLLUTANT></POLLUTANT><STATUS>良好</STATUS><SO2>0.5</SO2><CO>0.25</CO><O3>40.7</O3><O3_8HR>39.7</O3_8HR><PM10>13</PM10><PM2.5>8</PM2.5><NO2>1.7</NO2><NOX>2.5</NOX><NO>0.7</NO><WIND_SPEED>1.7</WIND_SPEED><WIND_DIREC>17</WIND_DIREC><PUBLISHTIME>2023/03/25 00:00:00</PUBLISHTIME><CO_8HR>0.2</CO_8HR><PM2.5_AVG>8</PM2.5_AVG><PM10_AVG>14</PM10_AVG><SO2_AVG>0</SO2_AVG><LONGITUDE>121.161933</LONGITUDE><LATITUDE>23.045083</LATITUDE><SITEID>80</SITEID></data><data><SITENAME>麥寮</SITENAME><COUNTY>雲林縣</COUNTY><AQI>60</AQI><POLLUTANT>細懸浮微粒</POLLUTANT><STATUS>普通</STATUS><SO2>2.2</SO2><CO>0.35</CO><O3>46.6</O3><O3_8HR>51</O3_8HR><PM10>59</PM10><PM2.5>27</PM2.5><NO2>3.7</NO2><NOX>4.3</NOX><NO>0.5</NO><WIND_SPEED>2.7</WIND_SPEED><WIND_DIREC>7</WIND_DIREC><PUBLISHTIME>2023/03/25 00:00:00</PUBLISHTIME><CO_8HR>0.3</CO_8HR><PM2.5_AVG>19</PM2.5_AVG><PM10_AVG>42</PM10_AVG><SO2_AVG>1</SO2_AVG><LONGITUDE>120.251825</LONGITUDE><LATITUDE>23.753506</LATITUDE><SITEID>83</SITEID></data><data><SITENAME>富貴角</SITENAME><COUNTY>新北市</COUNTY><AQI>108</AQI><POLLUTANT>懸浮微粒</POLLUTANT><STATUS>對敏感族群不健康</STATUS><SO2>0</SO2><CO>0.17</CO><O3>51.3</O3><O3_8HR>56.9</O3_8HR><PM10>140</PM10><PM2.5>39</PM2.5><NO2>2</NO2><NOX>2</NOX><NO>0</NO><WIND_SPEED>8.9</WIND_SPEED><WIND_DIREC>55</WIND_DIREC><PUBLISHTIME>2023/03/25 00:00:00</PUBLISHTIME><CO_8HR>0.2</CO_8HR><PM2.5_AVG>34</PM2.5_AVG><PM10_AVG>124</PM10_AVG><SO2_AVG>0</SO2_AVG><LONGITUDE>121.53656894</LONGITUDE><LATITUDE>25.29681695</LATITUDE><SITEID>84</SITEID></data><data><SITENAME>大城</SITENAME><COUNTY>彰化縣</COUNTY><AQI>52</AQI><POLLUTANT>細懸浮微粒</POLLUTANT><STATUS>普通</STATUS><SO2>0.8</SO2><CO>0.33</CO><O3>45.5</O3><O3_8HR>55.3</O3_8HR><PM10>65</PM10><PM2.5>26</PM2.5><NO2>3.9</NO2><NOX>4.5</NOX><NO>0.5</NO><WIND_SPEED>2.8</WIND_SPEED><WIND_DIREC>10</WIND_DIREC><PUBLISHTIME>2023/03/25 00:00:00</PUBLISHTIME><CO_8HR>0.2</CO_8HR><PM2.5_AVG>15</PM2.5_AVG><PM10_AVG>34</PM10_AVG><SO2_AVG>1</SO2_AVG><LONGITUDE>120.26964167</LONGITUDE><LATITUDE>23.85493056</LATITUDE><SITEID>85</SITEID></data><data><SITENAME>彰化(員林)</SITENAME><COUNTY>彰化縣</COUNTY><AQI>64</AQI><POLLUTANT>細懸浮微粒</POLLUTANT><STATUS>普通</STATUS><SO2>1.9</SO2><CO>0.44</CO><O3>26.8</O3><O3_8HR>27.8</O3_8HR><PM10>45</PM10><PM2.5>21</PM2.5><NO2>12.4</NO2><NOX>13.1</NOX><NO>0.6</NO><WIND_SPEED>0.4</WIND_SPEED><WIND_DIREC>307</WIND_DIREC><PUBLISHTIME>2023/03/25 00:00:00</PUBLISHTIME><CO_8HR>0.4</CO_8HR><PM2.5_AVG>20</PM2.5_AVG><PM10_AVG>42</PM10_AVG><SO2_AVG>2</SO2_AVG><LONGITUDE>120.56373</LONGITUDE><LATITUDE>23.96117</LATITUDE><SITEID>201</SITEID></data><data><SITENAME>高雄(湖內)</SITENAME><COUNTY>高雄市</COUNTY><AQI>97</AQI><POLLUTANT>細懸浮微粒</POLLUTANT><STATUS>普通</STATUS><SO2>1.8</SO2><CO>0.38</CO><O3>16.2</O3><O3_8HR>27</O3_8HR><PM10>53</PM10><PM2.5>36</PM2.5><NO2>13.6</NO2><NOX>14.8</NOX><NO>1.2</NO><WIND_SPEED>0.9</WIND_SPEED><WIND_DIREC>98</WIND_DIREC><PUBLISHTIME>2023/03/25 00:00:00</PUBLISHTIME><CO_8HR>0.3</CO_8HR><PM2.5_AVG>34</PM2.5_AVG><PM10_AVG>50</PM10_AVG><SO2_AVG>1</SO2_AVG><LONGITUDE>120.24535</LONGITUDE><LATITUDE>22.87985556</LATITUDE><SITEID>202</SITEID></data><data><SITENAME>臺南(麻豆)</SITENAME><COUNTY>臺南市</COUNTY><AQI>75</AQI><POLLUTANT>細懸浮微粒</POLLUTANT><STATUS>普通</STATUS><SO2>1.2</SO2><CO>0.28</CO><O3>38.6</O3><O3_8HR>32.1</O3_8HR><PM10>30</PM10><PM2.5>14</PM2.5><NO2>6.4</NO2><NOX>7</NOX><NO>0.6</NO><WIND_SPEED>0.9</WIND_SPEED><WIND_DIREC>350</WIND_DIREC><PUBLISHTIME>2023/03/25 00:00:00</PUBLISHTIME><CO_8HR>0.2</CO_8HR><PM2.5_AVG>25</PM2.5_AVG><PM10_AVG>46</PM10_AVG><SO2_AVG>1</SO2_AVG><LONGITUDE>120.24583056</LONGITUDE><LATITUDE>23.17904722</LATITUDE><SITEID>203</SITEID></data><data><SITENAME>屏東(琉球)</SITENAME><COUNTY>屏東縣</COUNTY><AQI>90</AQI><POLLUTANT>細懸浮微粒</POLLUTANT><STATUS>普通</STATUS><SO2>0.7</SO2><CO>0.17</CO><O3>39.8</O3><O3_8HR>39.9</O3_8HR><PM10>28</PM10><PM2.5>21</PM2.5><NO2>1.8</NO2><NOX>2.2</NOX><NO>0.3</NO><WIND_SPEED>0.8</WIND_SPEED><WIND_DIREC>190</WIND_DIREC><PUBLISHTIME>2023/03/25 00:00:00</PUBLISHTIME><CO_8HR>0.1</CO_8HR><PM2.5_AVG>31</PM2.5_AVG><PM10_AVG>42</PM10_AVG><SO2_AVG>1</SO2_AVG><LONGITUDE>120.37722</LONGITUDE><LATITUDE>22.35222</LATITUDE><SITEID>204</SITEID></data><data><SITENAME>桃園(三民)</SITENAME><COUNTY>桃園市</COUNTY><AQI>69</AQI><POLLUTANT>細懸浮微粒</POLLUTANT><STATUS>普通</STATUS><SO2>0.4</SO2><CO>0.32</CO><O3>39.4</O3><O3_8HR>38</O3_8HR><PM10>55</PM10><PM2.5>17</PM2.5><NO2>6.3</NO2><NOX>6.8</NOX><NO>0.4</NO><WIND_SPEED>2.2</WIND_SPEED><WIND_DIREC>101</WIND_DIREC><PUBLISHTIME>2023/03/25 00:00:00</PUBLISHTIME><CO_8HR>0.5</CO_8HR><PM2.5_AVG>22</PM2.5_AVG><PM10_AVG>66</PM10_AVG><SO2_AVG>0</SO2_AVG><LONGITUDE>121.31788148</LONGITUDE><LATITUDE>25.00132736</LATITUDE><SITEID>310</SITEID></data><data><SITENAME>新北(樹林)</SITENAME><COUNTY>新北市</COUNTY><AQI>84</AQI><POLLUTANT>細懸浮微粒</POLLUTANT><STATUS>普通</STATUS><SO2>0</SO2><CO>0.31</CO><O3>24.6</O3><O3_8HR>21.7</O3_8HR><PM10>54</PM10><PM2.5>23</PM2.5><NO2>9.7</NO2><NOX>10.6</NOX><NO>0.9</NO><WIND_SPEED>0</WIND_SPEED><WIND_DIREC>168</WIND_DIREC><PUBLISHTIME>2023/03/25 00:00:00</PUBLISHTIME><CO_8HR>0.5</CO_8HR><PM2.5_AVG>29</PM2.5_AVG><PM10_AVG>62</PM10_AVG><SO2_AVG>0</SO2_AVG><LONGITUDE>121.38352778</LONGITUDE><LATITUDE>24.94902778</LATITUDE><SITEID>311</SITEID></data><data><SITENAME>屏東(枋山)</SITENAME><COUNTY>屏東縣</COUNTY><AQI>63</AQI><POLLUTANT>細懸浮微粒</POLLUTANT><STATUS>普通</STATUS><SO2>0.2</SO2><CO>0.18</CO><O3>35.4</O3><O3_8HR>34</O3_8HR><PM10>16</PM10><PM2.5>13</PM2.5><NO2>1.1</NO2><NOX>1.2</NOX><NO>0.1</NO><WIND_SPEED>4.7</WIND_SPEED><WIND_DIREC>104</WIND_DIREC><PUBLISHTIME>2023/03/25 00:00:00</PUBLISHTIME><CO_8HR>0.1</CO_8HR><PM2.5_AVG>20</PM2.5_AVG><PM10_AVG>26</PM10_AVG><SO2_AVG>0</SO2_AVG><LONGITUDE>120.651472</LONGITUDE><LATITUDE>22.260899</LATITUDE><SITEID>313</SITEID></data></aqx_p_432>
