{
    "fields": [
        {
            "id": "sitename",
            "type": "text",
            "info": {
                "label": "測站名稱"
            }
        },
        {
            "id": "county",
            "type": "text",
            "info": {
                "label": "縣市"
            }
        },
        {
            "id": "aqi",
            "type": "text",
            "info": {
                "label": "空氣品質指標"
            }
        },
        {
            "id": "pollutant",
            "type": "text",
            "info": {
                "label": "空氣污染指標物"
            }
        },
        {
            "id": "status",
            "type": "text",
            "info": {
                "label": "狀態"
            }
        },
        {
            "id": "so2",
            "type": "text",
            "info": {
                "label": "二氧化硫(ppb)"
            }
        },
        {
            "id": "co",
            "type": "text",
            "info": {
                "label": "一氧化碳(ppm)"
            }
        },
        {
            "id": "o3",
            "type": "text",
            "info": {
                "label": "臭氧(ppb)"
            }
        },
        {
            "id": "o3_8hr",
            "type": "text",
            "info": {
                "label": "臭氧8小時移動平均(ppb)"
            }
        },
        {
            "id": "pm10",
            "type": "text",
            "info": {
                "label": "懸浮微粒(μg\/m3)"
            }
        },
        {
            "id": "pm2.5",
            "type": "text",
            "info": {
                "label": "細懸浮微粒(μg\/m3)"
            }
        },
        {
            "id": "no2",
            "type": "text",
            "info": {
                "label": "二氧化氮(ppb)"
            }
        },
        {
            "id": "nox",
            "type": "text",
            "info": {
                "label": "氮氧化物(ppb)"
            }
        },
        {
            "id": "no",
            "type": "text",
            "info": {
                "label": "一氧化氮(ppb)"
            }
        },
        {
            "id": "wind_speed",
            "type": "text",
            "info": {
                "label": "風速(m\/sec)"
            }
        },
        {
            "id": "wind_direc",
            "type": "text",
            "info": {
                "label": "風向(degrees)"
            }
        },
        {
            "id": "publishtime",
            "type": "text",
            "info": {
                "label": "資料發布時間"
            }
        },
        {
            "id": "co_8hr",
            "type": "text",
            "info": {
                "label": "一氧化碳8小時移動平均(ppm)"
            }
        },
        {
            "id": "pm2.5_avg",
            "type": "text",
            "info": {
                "label": "細懸浮微粒移動平均值(μg\/m3)"
            }
        },
        {
            "id": "pm10_avg",
            "type": "text",
            "info": {
                "label": "懸浮微粒移動平均值(μg\/m3)"
            }
        },
        {
            "id": "so2_avg",
            "type": "text",
            "info": {
                "label": "二氧化硫移動平均值(ppb)"
            }
        },
        {
            "id": "longitude",
            "type": "text",
            "info": {
                "label": "經度"
            }
        },
        {
            "id": "latitude",
            "type": "text",
            "info": {
                "label": "緯度"
            }
        },
        {
            "id": "siteid",
            "type": "text",
            "info": {
                "label": "測站編號"
            }
        }
    ],
    "resource_id": "8d2f907f-bbb4-4fdf-8f08-8eabae15da45",
    "__extras": {
        "api_key": "e8dd42e6-9b8b-43f8-991e-b3dee723a52d"
    },
    "include_total": true,
    "total": "85",
    "resource_format": "object",
    "limit": "1000",
    "offset": "0",
    "_links": {
        "start": "\/api\/v2\/aqx_p_432?api_key=e8dd42e6-9b8b-43f8-991e-b3dee723a52d&limit=1000&format=JSON&sort=ImportDate desc",
        "next": "\/api\/v2\/aqx_p_432?api_key=e8dd42e6-9b8b-43f8-991e-b3dee723a52d&limit=1000&format=JSON&sort=ImportDate desc&offset=1000"
    },
    "records": [
        {
            "sitename": "基隆",
            "county": "基隆市",
            "aqi": "111",
            "pollutant": "懸浮微粒",
            "status": "對敏感族群不健康",
            "so2": "1.1",
            "co": "0.36",
            "o3": "29.2",
            "o3_8hr": "41.1",
            "pm10": "142",
            "pm2.5": "32",
            "no2": "10.2",
            "nox": "10.9",
            "no": "0.6",
            "wind_speed": "0.2",
            "wind_direc": "305",
            "publishtime": "2023\/03\/25 00:00:00",
            "co_8hr": "0.3",
            "pm2.5_avg": "33",
            "pm10_avg": "131",
            "so2_avg": "1",
            "longitude": "121.760056",
            "latitude": "25.129167",
            "siteid": "1"
        },
        {
            "sitename": "汐止",
            "county": "新北市",
            "aqi": "90",
            "pollutant": "懸浮微粒",
            "status": "普通",
            "so2": "0.9",
            "co": "0.23",
            "o3": "37.5",
            "o3_8hr": "37.7",
            "pm10": "102",
            "pm2.5": "24",
            "no2": "5.5",
            "nox": "6.2",
            "no": "0.7",
            "wind_speed": "0.7",
            "wind_direc": "31",
            "publishtime": "2023\/03\/25 00:00:00",
            "co_8hr": "0.3",
            "pm2.5_avg": "24",
            "pm10_avg": "90",
            "so2_avg": "1",
            "longitude": "121.64081",
            "latitude": "25.06624",
            "siteid": "2"
        },
        {
            "sitename": "萬里",
            "county": "新北市",
            "aqi": "109",
            "pollutant": "懸浮微粒",
            "status": "對敏感族群不健康",
            "so2": "0.4",
            "co": "0.23",
            "o3": "39.2",
            "o3_8hr": "46.9",
            "pm10": "85",
            "pm2.5": "24",
            "no2": "3.2",
            "nox": "4.3",
            "no": "1",
            "wind_speed": "1.6",
            "wind_direc": "221",
            "publishtime": "2023\/03\/25 00:00:00",
            "co_8hr": "0.2",
            "pm2.5_avg": "32",
            "pm10_avg": "126",
            "so2_avg": "0",
            "longitude": "121.689881",
            "latitude": "25.179667",
            "siteid": "3"
        },
        {
            "sitename": "新店",
            "county": "新北市",
            "aqi": "66",
            "pollutant": "細懸浮微粒",
            "status": "普通",
            "so2": "0.6",
            "co": "0.28",
            "o3": "36.1",
            "o3_8hr": "37.5",
            "pm10": "62",
            "pm2.5": "19",
            "no2": "8.8",
            "nox": "9.4",
            "no": "0.6",
            "wind_speed": "2.3",
            "wind_direc": "59",
            "publishtime": "2023\/03\/25 00:00:00",
            "co_8hr": "0.4",
            "pm2.5_avg": "21",
            "pm10_avg": "58",
            "so2_avg": "0",
            "longitude": "121.537778",
            "latitude": "24.977222",
            "siteid": "4"
        },
        {
            "sitename": "土城",
            "county": "新北市",
            "aqi": "76",
            "pollutant": "細懸浮微粒",
            "status": "普通",
            "so2": "1.4",
            "co": "0.32",
            "o3": "37.4",
            "o3_8hr": "36.5",
            "pm10": "61",
            "pm2.5": "20",
            "no2": "8.2",
            "nox": "8.6",
            "no": "0.4",
            "wind_speed": "1.2",
            "wind_direc": "243",
            "publishtime": "2023\/03\/25 00:00:00",
            "co_8hr": "0.5",
            "pm2.5_avg": "25",
            "pm10_avg": "67",
            "so2_avg": "0",
            "longitude": "121.451861",
            "latitude": "24.982528",
            "siteid": "5"
        },
        {
            "sitename": "板橋",
            "county": "新北市",
            "aqi": "88",
            "pollutant": "細懸浮微粒",
            "status": "普通",
            "so2": "0.8",
            "co": "0.31",
            "o3": "38.7",
            "o3_8hr": "36.4",
            "pm10": "82",
            "pm2.5": "30",
            "no2": "9.2",
            "nox": "10.1",
            "no": "0.9",
            "wind_speed": "2.3",
            "wind_direc": "72",
            "publishtime": "2023\/03\/25 00:00:00",
            "co_8hr": "0.5",
            "pm2.5_avg": "30",
            "pm10_avg": "77",
            "so2_avg": "0",
            "longitude": "121.458667",
            "latitude": "25.012972",
            "siteid": "6"
        },
        {
            "sitename": "新莊",
            "county": "新北市",
            "aqi": "83",
            "pollutant": "懸浮微粒",
            "status": "普通",
            "so2": "0.8",
            "co": "0.26",
            "o3": "40.8",
            "o3_8hr": "40.9",
            "pm10": "76",
            "pm2.5": "25",
            "no2": "7.7",
            "nox": "8.5",
            "no": "0.8",
            "wind_speed": "2.3",
            "wind_direc": "72",
            "publishtime": "2023\/03\/25 00:00:00",
            "co_8hr": "0.4",
            "pm2.5_avg": "28",
            "pm10_avg": "83",
            "so2_avg": "0",
            "longitude": "121.4325",
            "latitude": "25.037972",
            "siteid": "7"
        },
        {
            "sitename": "菜寮",
            "county": "新北市",
            "aqi": "80",
            "pollutant": "細懸浮微粒",
            "status": "普通",
            "so2": "0.7",
            "co": "0.34",
            "o3": "37.7",
            "o3_8hr": "35.3",
            "pm10": "57",
            "pm2.5": "22",
            "no2": "9.8",
            "nox": "10.7",
            "no": "0.9",
            "wind_speed": "1.6",
            "wind_direc": "75",
            "publishtime": "2023\/03\/25 00:00:00",
            "co_8hr": "0.5",
            "pm2.5_avg": "27",
            "pm10_avg": "70",
            "so2_avg": "0",
            "longitude": "121.481028",
            "latitude": "25.06895",
            "siteid": "8"
        },
        {
            "sitename": "林口",
            "county": "新北市",
            "aqi": "87",
            "pollutant": "懸浮微粒",
            "status": "普通",
            "so2": "1.1",
            "co": "0.3",
            "o3": "38.5",
            "o3_8hr": "39.1",
            "pm10": "32",
            "pm2.5": "11",
            "no2": "9.6",
            "nox": "10.1",
            "no": "0.4",
            "wind_speed": "2.9",
            "wind_direc": "106",
            "publishtime": "2023\/03\/25 00:00:00",
            "co_8hr": "0.3",
            "pm2.5_avg": "26",
            "pm10_avg": "87",
            "so2_avg": "0",
            "longitude": "121.36548982",
            "latitude": "25.07798949",
            "siteid": "9"
        },
        {
            "sitename": "淡水",
            "county": "新北市",
            "aqi": "76",
            "pollutant": "細懸浮微粒",
            "status": "普通",
            "so2": "1.3",
            "co": "0.34",
            "o3": "29.6",
            "o3_8hr": "39.6",
            "pm10": "57",
            "pm2.5": "21",
            "no2": "6.7",
            "nox": "7.2",
            "no": "0.4",
            "wind_speed": "",
            "wind_direc": "",
            "publishtime": "2023\/03\/25 00:00:00",
            "co_8hr": "0.3",
            "pm2.5_avg": "25",
            "pm10_avg": "68",
            "so2_avg": "1",
            "longitude": "121.449239",
            "latitude": "25.1645",
            "siteid": "10"
        },
        {
            "sitename": "士林",
            "county": "臺北市",
            "aqi": "72",
            "pollutant": "細懸浮微粒",
            "status": "普通",
            "so2": "0.8",
            "co": "0.28",
            "o3": "38.3",
            "o3_8hr": "36.7",
            "pm10": "37",
            "pm2.5": "19",
            "no2": "6.4",
            "nox": "6.9",
            "no": "0.5",
            "wind_speed": "1.9",
            "wind_direc": "149",
            "publishtime": "2023\/03\/25 00:00:00",
            "co_8hr": "0.3",
            "pm2.5_avg": "24",
            "pm10_avg": "54",
            "so2_avg": "0",
            "longitude": "121.51666356",
            "latitude": "25.10334003",
            "siteid": "11"
        },
        {
            "sitename": "中山",
            "county": "臺北市",
            "aqi": "84",
            "pollutant": "懸浮微粒",
            "status": "普通",
            "so2": "0.9",
            "co": "0.37",
            "o3": "34.1",
            "o3_8hr": "29.2",
            "pm10": "86",
            "pm2.5": "22",
            "no2": "12",
            "nox": "14.5",
            "no": "2.4",
            "wind_speed": "2.8",
            "wind_direc": "119",
            "publishtime": "2023\/03\/25 00:00:00",
            "co_8hr": "0.5",
            "pm2.5_avg": "24",
            "pm10_avg": "84",
            "so2_avg": "1",
            "longitude": "121.526528",
            "latitude": "25.062361",
            "siteid": "12"
        },
        {
            "sitename": "萬華",
            "county": "臺北市",
            "aqi": "83",
            "pollutant": "細懸浮微粒",
            "status": "普通",
            "so2": "1.2",
            "co": "0.31",
            "o3": "36.9",
            "o3_8hr": "29.6",
            "pm10": "82",
            "pm2.5": "29",
            "no2": "11.7",
            "nox": "12.6",
            "no": "0.9",
            "wind_speed": "2.8",
            "wind_direc": "94",
            "publishtime": "2023\/03\/25 00:00:00",
            "co_8hr": "0.5",
            "pm2.5_avg": "28",
            "pm10_avg": "80",
            "so2_avg": "0",
            "longitude": "121.507972",
            "latitude": "25.046503",
            "siteid": "13"
        },
        {
            "sitename": "古亭",
            "county": "臺北市",
            "aqi": "86",
            "pollutant": "細懸浮微粒",
            "status": "普通",
            "so2": "1.3",
            "co": "0.28",
            "o3": "37.8",
            "o3_8hr": "35.3",
            "pm10": "88",
            "pm2.5": "31",
            "no2": "8.7",
            "nox": "8.9",
            "no": "0.2",
            "wind_speed": "1.5",
            "wind_direc": "71",
            "publishtime": "2023\/03\/25 00:00:00",
            "co_8hr": "0.4",
            "pm2.5_avg": "29",
            "pm10_avg": "80",
            "so2_avg": "1",
            "longitude": "121.529556",
            "latitude": "25.020608",
            "siteid": "14"
        },
        {
            "sitename": "松山",
            "county": "臺北市",
            "aqi": "92",
            "pollutant": "懸浮微粒",
            "status": "普通",
            "so2": "0.3",
            "co": "0.26",
            "o3": "37.9",
            "o3_8hr": "33.1",
            "pm10": "94",
            "pm2.5": "27",
            "no2": "8.6",
            "nox": "9.5",
            "no": "0.8",
            "wind_speed": "2.1",
            "wind_direc": "72",
            "publishtime": "2023\/03\/25 00:00:00",
            "co_8hr": "0.3",
            "pm2.5_avg": "26",
            "pm10_avg": "92",
            "so2_avg": "0",
            "longitude": "121.578611",
            "latitude": "25.05",
            "siteid": "15"
        },
        {
            "sitename": "大同",
            "county": "臺北市",
            "aqi": "95",
            "pollutant": "細懸浮微粒",
            "status": "普通",
            "so2": "0.9",
            "co": "0.54",
            "o3": "25.1",
            "o3_8hr": "16.9",
            "pm10": "87",
            "pm2.5": "32",
            "no2": "18.8",
            "nox": "25",
            "no": "6.1",
            "wind_speed": "-",
            "wind_direc": "-",
            "publishtime": "2023\/03\/25 00:00:00",
            "co_8hr": "1.2",
            "pm2.5_avg": "33",
            "pm10_avg": "91",
            "so2_avg": "1",
            "longitude": "121.51342074",
            "latitude": "25.06331455",
            "siteid": "16"
        },
        {
            "sitename": "桃園",
            "county": "桃園市",
            "aqi": "82",
            "pollutant": "細懸浮微粒",
            "status": "普通",
            "so2": "0.9",
            "co": "0.33",
            "o3": "35.7",
            "o3_8hr": "33.4",
            "pm10": "47",
            "pm2.5": "17",
            "no2": "9.1",
            "nox": "9.5",
            "no": "0.4",
            "wind_speed": "2.2",
            "wind_direc": "76",
            "publishtime": "2023\/03\/25 00:00:00",
            "co_8hr": "0.4",
            "pm2.5_avg": "28",
            "pm10_avg": "63",
            "so2_avg": "1",
            "longitude": "121.30500531",
            "latitude": "24.9947107",
            "siteid": "17"
        },
        {
            "sitename": "大園",
            "county": "桃園市",
            "aqi": "105",
            "pollutant": "懸浮微粒",
            "status": "對敏感族群不健康",
            "so2": "2.1",
            "co": "0.28",
            "o3": "29.4",
            "o3_8hr": "44.3",
            "pm10": "129",
            "pm2.5": "34",
            "no2": "20.3",
            "nox": "25.1",
            "no": "4.7",
            "wind_speed": "3.9",
            "wind_direc": "37",
            "publishtime": "2023\/03\/25 00:00:00",
            "co_8hr": "0.3",
            "pm2.5_avg": "33",
            "pm10_avg": "114",
            "so2_avg": "1",
            "longitude": "121.20251473",
            "latitude": "25.06100357",
            "siteid": "18"
        },
        {
            "sitename": "觀音",
            "county": "桃園市",
            "aqi": "102",
            "pollutant": "懸浮微粒",
            "status": "對敏感族群不健康",
            "so2": "0.9",
            "co": "0.22",
            "o3": "40.6",
            "o3_8hr": "47.7",
            "pm10": "138",
            "pm2.5": "38",
            "no2": "5.6",
            "nox": "6.4",
            "no": "0.8",
            "wind_speed": "4.4",
            "wind_direc": "75",
            "publishtime": "2023\/03\/25 00:00:00",
            "co_8hr": "0.2",
            "pm2.5_avg": "33",
            "pm10_avg": "103",
            "so2_avg": "0",
            "longitude": "121.08283092",
            "latitude": "25.03556747",
            "siteid": "19"
        },
        {
            "sitename": "平鎮",
            "county": "桃園市",
            "aqi": "100",
            "pollutant": "懸浮微粒",
            "status": "普通",
            "so2": "1",
            "co": "0.37",
            "o3": "30.6",
            "o3_8hr": "38",
            "pm10": "112",
            "pm2.5": "37",
            "no2": "15.1",
            "nox": "17.1",
            "no": "1.9",
            "wind_speed": "3.1",
            "wind_direc": "87",
            "publishtime": "2023\/03\/25 00:00:00",
            "co_8hr": "0.4",
            "pm2.5_avg": "33",
            "pm10_avg": "100",
            "so2_avg": "1",
            "longitude": "121.203986",
            "latitude": "24.952786",
            "siteid": "20"
        },
        {
            "sitename": "龍潭",
            "county": "桃園市",
            "aqi": "84",
            "pollutant": "細懸浮微粒",
            "status": "普通",
            "so2": "1.2",
            "co": "0.33",
            "o3": "33.8",
            "o3_8hr": "35.1",
            "pm10": "52",
            "pm2.5": "24",
            "no2": "8.3",
            "nox": "8.6",
            "no": "0.3",
            "wind_speed": "2.9",
            "wind_direc": "63",
            "publishtime": "2023\/03\/25 00:00:00",
            "co_8hr": "0.4",
            "pm2.5_avg": "28",
            "pm10_avg": "71",
            "so2_avg": "1",
            "longitude": "121.21645772",
            "latitude": "24.86400048",
            "siteid": "21"
        },
        {
            "sitename": "湖口",
            "county": "新竹縣",
            "aqi": "102",
            "pollutant": "懸浮微粒",
            "status": "對敏感族群不健康",
            "so2": "0",
            "co": "0.28",
            "o3": "33.4",
            "o3_8hr": "45.5",
            "pm10": "137",
            "pm2.5": "42",
            "no2": "8.9",
            "nox": "9.6",
            "no": "0.6",
            "wind_speed": "3",
            "wind_direc": "67",
            "publishtime": "2023\/03\/25 00:00:00",
            "co_8hr": "0.3",
            "pm2.5_avg": "34",
            "pm10_avg": "103",
            "so2_avg": "0",
            "longitude": "121.03886894",
            "latitude": "24.90009696",
            "siteid": "22"
        },
        {
            "sitename": "竹東",
            "county": "新竹縣",
            "aqi": "84",
            "pollutant": "細懸浮微粒",
            "status": "普通",
            "so2": "0.4",
            "co": "0.42",
            "o3": "23.2",
            "o3_8hr": "30.4",
            "pm10": "68",
            "pm2.5": "35",
            "no2": "10.6",
            "nox": "11.6",
            "no": "0.9",
            "wind_speed": "1.9",
            "wind_direc": "145",
            "publishtime": "2023\/03\/25 00:00:00",
            "co_8hr": "0.4",
            "pm2.5_avg": "28",
            "pm10_avg": "47",
            "so2_avg": "0",
            "longitude": "121.08895493",
            "latitude": "24.74091408",
            "siteid": "23"
        },
        {
            "sitename": "新竹",
            "county": "新竹市",
            "aqi": "90",
            "pollutant": "細懸浮微粒",
            "status": "普通",
            "so2": "0.6",
            "co": "0.42",
            "o3": "30.2",
            "o3_8hr": "42.5",
            "pm10": "84",
            "pm2.5": "37",
            "no2": "12.9",
            "nox": "13.8",
            "no": "0.8",
            "wind_speed": "2.3",
            "wind_direc": "57",
            "publishtime": "2023\/03\/25 00:00:00",
            "co_8hr": "0.4",
            "pm2.5_avg": "31",
            "pm10_avg": "74",
            "so2_avg": "0",
            "longitude": "120.97236752",
            "latitude": "24.8056356",
            "siteid": "24"
        },
        {
            "sitename": "頭份",
            "county": "苗栗縣",
            "aqi": "86",
            "pollutant": "細懸浮微粒",
            "status": "普通",
            "so2": "1.4",
            "co": "0.46",
            "o3": "25.9",
            "o3_8hr": "42.7",
            "pm10": "121",
            "pm2.5": "37",
            "no2": "14.2",
            "nox": "15.7",
            "no": "1.5",
            "wind_speed": "2.3",
            "wind_direc": "64",
            "publishtime": "2023\/03\/25 00:00:00",
            "co_8hr": "0.4",
            "pm2.5_avg": "29",
            "pm10_avg": "79",
            "so2_avg": "1",
            "longitude": "120.89869286",
            "latitude": "24.69690679",
            "siteid": "25"
        },
        {
            "sitename": "苗栗",
            "county": "苗栗縣",
            "aqi": "87",
            "pollutant": "細懸浮微粒",
            "status": "普通",
            "so2": "1.8",
            "co": "0.44",
            "o3": "25.6",
            "o3_8hr": "43.3",
            "pm10": "122",
            "pm2.5": "45",
            "no2": "13.2",
            "nox": "15.3",
            "no": "2.1",
            "wind_speed": "0.3",
            "wind_direc": "56",
            "publishtime": "2023\/03\/25 00:00:00",
            "co_8hr": "0.3",
            "pm2.5_avg": "30",
            "pm10_avg": "63",
            "so2_avg": "1",
            "longitude": "120.82011468",
            "latitude": "24.56499183",
            "siteid": "26"
        },
        {
            "sitename": "三義",
            "county": "苗栗縣",
            "aqi": "76",
            "pollutant": "細懸浮微粒",
            "status": "普通",
            "so2": "1",
            "co": "0.4",
            "o3": "21.6",
            "o3_8hr": "38.1",
            "pm10": "46",
            "pm2.5": "29",
            "no2": "9.4",
            "nox": "10.3",
            "no": "0.9",
            "wind_speed": "2.9",
            "wind_direc": "19",
            "publishtime": "2023\/03\/25 00:00:00",
            "co_8hr": "0.3",
            "pm2.5_avg": "25",
            "pm10_avg": "36",
            "so2_avg": "1",
            "longitude": "120.75956754",
            "latitude": "24.38248443",
            "siteid": "27"
        },
        {
            "sitename": "豐原",
            "county": "臺中市",
            "aqi": "79",
            "pollutant": "細懸浮微粒",
            "status": "普通",
            "so2": "1.2",
            "co": "0.26",
            "o3": "31.3",
            "o3_8hr": "31.5",
            "pm10": "36",
            "pm2.5": "26",
            "no2": "5.2",
            "nox": "5.8",
            "no": "0.6",
            "wind_speed": "0.9",
            "wind_direc": "12",
            "publishtime": "2023\/03\/25 00:00:00",
            "co_8hr": "0.3",
            "pm2.5_avg": "26",
            "pm10_avg": "36",
            "so2_avg": "1",
            "longitude": "120.74252414",
            "latitude": "24.25699731",
            "siteid": "28"
        },
        {
            "sitename": "沙鹿",
            "county": "臺中市",
            "aqi": "70",
            "pollutant": "細懸浮微粒",
            "status": "普通",
            "so2": "",
            "co": "0.42",
            "o3": "29.8",
            "o3_8hr": "43.8",
            "pm10": "73",
            "pm2.5": "38",
            "no2": "11.3",
            "nox": "11.9",
            "no": "0.5",
            "wind_speed": "2.5",
            "wind_direc": "1",
            "publishtime": "2023\/03\/25 00:00:00",
            "co_8hr": "0.3",
            "pm2.5_avg": "23",
            "pm10_avg": "47",
            "so2_avg": "0",
            "longitude": "120.568794",
            "latitude": "24.225628",
            "siteid": "29"
        },
        {
            "sitename": "大里",
            "county": "臺中市",
            "aqi": "68",
            "pollutant": "細懸浮微粒",
            "status": "普通",
            "so2": "1.6",
            "co": "0.49",
            "o3": "23",
            "o3_8hr": "29",
            "pm10": "39",
            "pm2.5": "23",
            "no2": "15.7",
            "nox": "16.5",
            "no": "0.7",
            "wind_speed": "1.4",
            "wind_direc": "253",
            "publishtime": "2023\/03\/25 00:00:00",
            "co_8hr": "0.4",
            "pm2.5_avg": "22",
            "pm10_avg": "39",
            "so2_avg": "1",
            "longitude": "120.67844444",
            "latitude": "24.09961111",
            "siteid": "30"
        },
        {
            "sitename": "忠明",
            "county": "臺中市",
            "aqi": "71",
            "pollutant": "細懸浮微粒",
            "status": "普通",
            "so2": "1.7",
            "co": "0.41",
            "o3": "26.1",
            "o3_8hr": "35",
            "pm10": "37",
            "pm2.5": "31",
            "no2": "13.3",
            "nox": "13.3",
            "no": "0",
            "wind_speed": "1.7",
            "wind_direc": "330",
            "publishtime": "2023\/03\/25 00:00:00",
            "co_8hr": "0.3",
            "pm2.5_avg": "23",
            "pm10_avg": "37",
            "so2_avg": "1",
            "longitude": "120.641092",
            "latitude": "24.151958",
            "siteid": "31"
        },
        {
            "sitename": "西屯",
            "county": "臺中市",
            "aqi": "91",
            "pollutant": "細懸浮微粒",
            "status": "普通",
            "so2": "1",
            "co": "0.4",
            "o3": "25.4",
            "o3_8hr": "35.9",
            "pm10": "48",
            "pm2.5": "38",
            "no2": "",
            "nox": "",
            "no": "",
            "wind_speed": "1.5",
            "wind_direc": "38",
            "publishtime": "2023\/03\/25 00:00:00",
            "co_8hr": "0.3",
            "pm2.5_avg": "31",
            "pm10_avg": "43",
            "so2_avg": "1",
            "longitude": "120.616917",
            "latitude": "24.162197",
            "siteid": "32"
        },
        {
            "sitename": "彰化",
            "county": "彰化縣",
            "aqi": "72",
            "pollutant": "細懸浮微粒",
            "status": "普通",
            "so2": "1.2",
            "co": "0.41",
            "o3": "29",
            "o3_8hr": "34.4",
            "pm10": "45",
            "pm2.5": "31",
            "no2": "12.4",
            "nox": "12.5",
            "no": "0.1",
            "wind_speed": "1.7",
            "wind_direc": "353",
            "publishtime": "2023\/03\/25 00:00:00",
            "co_8hr": "0.4",
            "pm2.5_avg": "24",
            "pm10_avg": "44",
            "so2_avg": "1",
            "longitude": "120.541519",
            "latitude": "24.066",
            "siteid": "33"
        },
        {
            "sitename": "線西",
            "county": "彰化縣",
            "aqi": "74",
            "pollutant": "細懸浮微粒",
            "status": "普通",
            "so2": "2.6",
            "co": "0.51",
            "o3": "29.1",
            "o3_8hr": "43.5",
            "pm10": "74",
            "pm2.5": "38",
            "no2": "13.6",
            "nox": "14.5",
            "no": "0.8",
            "wind_speed": "3.2",
            "wind_direc": "34",
            "publishtime": "2023\/03\/25 00:00:00",
            "co_8hr": "0.4",
            "pm2.5_avg": "24",
            "pm10_avg": "51",
            "so2_avg": "2",
            "longitude": "120.469061",
            "latitude": "24.131672",
            "siteid": "34"
        },
        {
            "sitename": "二林",
            "county": "彰化縣",
            "aqi": "72",
            "pollutant": "細懸浮微粒",
            "status": "普通",
            "so2": "0.7",
            "co": "0.5",
            "o3": "33",
            "o3_8hr": "41.4",
            "pm10": "73",
            "pm2.5": "34",
            "no2": "8.5",
            "nox": "8.5",
            "no": "0",
            "wind_speed": "1.7",
            "wind_direc": "23",
            "publishtime": "2023\/03\/25 00:00:00",
            "co_8hr": "0.4",
            "pm2.5_avg": "23",
            "pm10_avg": "59",
            "so2_avg": "0",
            "longitude": "120.409653",
            "latitude": "23.925175",
            "siteid": "35"
        },
        {
            "sitename": "南投",
            "county": "南投縣",
            "aqi": "86",
            "pollutant": "細懸浮微粒",
            "status": "普通",
            "so2": "1.1",
            "co": "0.46",
            "o3": "9.1",
            "o3_8hr": "18.1",
            "pm10": "36",
            "pm2.5": "31",
            "no2": "19.4",
            "nox": "20.4",
            "no": "0.9",
            "wind_speed": "0.8",
            "wind_direc": "222",
            "publishtime": "2023\/03\/25 00:00:00",
            "co_8hr": "0.4",
            "pm2.5_avg": "29",
            "pm10_avg": "40",
            "so2_avg": "1",
            "longitude": "120.685306",
            "latitude": "23.913",
            "siteid": "36"
        },
        {
            "sitename": "斗六",
            "county": "雲林縣",
            "aqi": "92",
            "pollutant": "細懸浮微粒",
            "status": "普通",
            "so2": "1.6",
            "co": "0.41",
            "o3": "31.6",
            "o3_8hr": "31.4",
            "pm10": "54",
            "pm2.5": "24",
            "no2": "10",
            "nox": "11.2",
            "no": "1.2",
            "wind_speed": "0.7",
            "wind_direc": "50",
            "publishtime": "2023\/03\/25 00:00:00",
            "co_8hr": "0.4",
            "pm2.5_avg": "32",
            "pm10_avg": "61",
            "so2_avg": "1",
            "longitude": "120.544994",
            "latitude": "23.711853",
            "siteid": "37"
        },
        {
            "sitename": "崙背",
            "county": "雲林縣",
            "aqi": "72",
            "pollutant": "細懸浮微粒",
            "status": "普通",
            "so2": "2.2",
            "co": "0.45",
            "o3": "32.3",
            "o3_8hr": "36.7",
            "pm10": "66",
            "pm2.5": "28",
            "no2": "8.5",
            "nox": "8.9",
            "no": "0.4",
            "wind_speed": "0.9",
            "wind_direc": "337",
            "publishtime": "2023\/03\/25 00:00:00",
            "co_8hr": "0.3",
            "pm2.5_avg": "24",
            "pm10_avg": "50",
            "so2_avg": "1",
            "longitude": "120.348742",
            "latitude": "23.757547",
            "siteid": "38"
        },
        {
            "sitename": "新港",
            "county": "嘉義縣",
            "aqi": "77",
            "pollutant": "細懸浮微粒",
            "status": "普通",
            "so2": "1.8",
            "co": "0.33",
            "o3": "41.1",
            "o3_8hr": "38.8",
            "pm10": "46",
            "pm2.5": "25",
            "no2": "4.8",
            "nox": "5.1",
            "no": "0.3",
            "wind_speed": "1.2",
            "wind_direc": "320",
            "publishtime": "2023\/03\/25 00:00:00",
            "co_8hr": "0.3",
            "pm2.5_avg": "26",
            "pm10_avg": "52",
            "so2_avg": "5",
            "longitude": "120.345531",
            "latitude": "23.554839",
            "siteid": "39"
        },
        {
            "sitename": "朴子",
            "county": "嘉義縣",
            "aqi": "67",
            "pollutant": "細懸浮微粒",
            "status": "普通",
            "so2": "1.1",
            "co": "0.33",
            "o3": "47.4",
            "o3_8hr": "40.3",
            "pm10": "43",
            "pm2.5": "18",
            "no2": "2.6",
            "nox": "2.4",
            "no": "0",
            "wind_speed": "1.3",
            "wind_direc": "356",
            "publishtime": "2023\/03\/25 00:00:00",
            "co_8hr": "0.3",
            "pm2.5_avg": "21",
            "pm10_avg": "43",
            "so2_avg": "1",
            "longitude": "120.2478",
            "latitude": "23.46538",
            "siteid": "40"
        },
        {
            "sitename": "臺西",
            "county": "雲林縣",
            "aqi": "57",
            "pollutant": "細懸浮微粒",
            "status": "普通",
            "so2": "0.8",
            "co": "0.35",
            "o3": "48.7",
            "o3_8hr": "49.2",
            "pm10": "68",
            "pm2.5": "27",
            "no2": "4.1",
            "nox": "5.2",
            "no": "1",
            "wind_speed": "4",
            "wind_direc": "29",
            "publishtime": "2023\/03\/25 00:00:00",
            "co_8hr": "0.2",
            "pm2.5_avg": "17",
            "pm10_avg": "38",
            "so2_avg": "1",
            "longitude": "120.19933333",
            "latitude": "23.702175",
            "siteid": "41"
        },
        {
            "sitename": "嘉義",
            "county": "嘉義市",
            "aqi": "91",
            "pollutant": "細懸浮微粒",
            "status": "普通",
            "so2": "3.7",
            "co": "0.56",
            "o3": "31.2",
            "o3_8hr": "29.6",
            "pm10": "58",
            "pm2.5": "27",
            "no2": "11.9",
            "nox": "12.7",
            "no": "0.7",
            "wind_speed": "1.1",
            "wind_direc": "76",
            "publishtime": "2023\/03\/25 00:00:00",
            "co_8hr": "0.4",
            "pm2.5_avg": "31",
            "pm10_avg": "65",
            "so2_avg": "2",
            "longitude": "120.44125148",
            "latitude": "23.46477865",
            "siteid": "42"
        },
        {
            "sitename": "新營",
            "county": "臺南市",
            "aqi": "79",
            "pollutant": "細懸浮微粒",
            "status": "普通",
            "so2": "0.7",
            "co": "0.28",
            "o3": "44.7",
            "o3_8hr": "35.2",
            "pm10": "34",
            "pm2.5": "15",
            "no2": "4.5",
            "nox": "4.9",
            "no": "0.3",
            "wind_speed": "1.6",
            "wind_direc": "12",
            "publishtime": "2023\/03\/25 00:00:00",
            "co_8hr": "0.3",
            "pm2.5_avg": "26",
            "pm10_avg": "48",
            "so2_avg": "1",
            "longitude": "120.31725",
            "latitude": "23.305633",
            "siteid": "43"
        },
        {
            "sitename": "善化",
            "county": "臺南市",
            "aqi": "75",
            "pollutant": "細懸浮微粒",
            "status": "普通",
            "so2": "1",
            "co": "0.28",
            "o3": "35.3",
            "o3_8hr": "35.1",
            "pm10": "32",
            "pm2.5": "15",
            "no2": "7.6",
            "nox": "7.9",
            "no": "0.3",
            "wind_speed": "2.1",
            "wind_direc": "2",
            "publishtime": "2023\/03\/25 00:00:00",
            "co_8hr": "0.2",
            "pm2.5_avg": "25",
            "pm10_avg": "42",
            "so2_avg": "2",
            "longitude": "120.29740529",
            "latitude": "23.11337642",
            "siteid": "44"
        },
        {
            "sitename": "安南",
            "county": "臺南市",
            "aqi": "83",
            "pollutant": "細懸浮微粒",
            "status": "普通",
            "so2": "0.8",
            "co": "0.32",
            "o3": "33.7",
            "o3_8hr": "33.7",
            "pm10": "40",
            "pm2.5": "21",
            "no2": "7",
            "nox": "7.3",
            "no": "0.3",
            "wind_speed": "2.8",
            "wind_direc": "339",
            "publishtime": "2023\/03\/25 00:00:00",
            "co_8hr": "0.3",
            "pm2.5_avg": "28",
            "pm10_avg": "54",
            "so2_avg": "0",
            "longitude": "120.2175",
            "latitude": "23.048197",
            "siteid": "45"
        },
        {
            "sitename": "臺南",
            "county": "臺南市",
            "aqi": "75",
            "pollutant": "細懸浮微粒",
            "status": "普通",
            "so2": "0.4",
            "co": "0.27",
            "o3": "28.4",
            "o3_8hr": "28.3",
            "pm10": "35",
            "pm2.5": "15",
            "no2": "8",
            "nox": "8.1",
            "no": "0.1",
            "wind_speed": "1.9",
            "wind_direc": "317",
            "publishtime": "2023\/03\/25 00:00:00",
            "co_8hr": "0.3",
            "pm2.5_avg": "25",
            "pm10_avg": "50",
            "so2_avg": "0",
            "longitude": "120.22085",
            "latitude": "22.99123",
            "siteid": "46"
        },
        {
            "sitename": "美濃",
            "county": "高雄市",
            "aqi": "100",
            "pollutant": "細懸浮微粒",
            "status": "普通",
            "so2": "0.7",
            "co": "0.27",
            "o3": "26.1",
            "o3_8hr": "41",
            "pm10": "49",
            "pm2.5": "33",
            "no2": "5",
            "nox": "5.4",
            "no": "0.4",
            "wind_speed": "0.5",
            "wind_direc": "12",
            "publishtime": "2023\/03\/25 00:00:00",
            "co_8hr": "0.2",
            "pm2.5_avg": "35",
            "pm10_avg": "52",
            "so2_avg": "1",
            "longitude": "120.530542",
            "latitude": "22.883583",
            "siteid": "47"
        },
        {
            "sitename": "橋頭",
            "county": "高雄市",
            "aqi": "100",
            "pollutant": "細懸浮微粒",
            "status": "普通",
            "so2": "1.6",
            "co": "0.46",
            "o3": "14.2",
            "o3_8hr": "26.7",
            "pm10": "60",
            "pm2.5": "34",
            "no2": "17.6",
            "nox": "18.4",
            "no": "0.7",
            "wind_speed": "1.3",
            "wind_direc": "359",
            "publishtime": "2023\/03\/25 00:00:00",
            "co_8hr": "0.3",
            "pm2.5_avg": "35",
            "pm10_avg": "61",
            "so2_avg": "1",
            "longitude": "120.305689",
            "latitude": "22.757506",
            "siteid": "48"
        },
        {
            "sitename": "仁武",
            "county": "高雄市",
            "aqi": "97",
            "pollutant": "細懸浮微粒",
            "status": "普通",
            "so2": "1.7",
            "co": "0.3",
            "o3": "23.6",
            "o3_8hr": "23.6",
            "pm10": "48",
            "pm2.5": "28",
            "no2": "16.7",
            "nox": "16.9",
            "no": "0.2",
            "wind_speed": "1.8",
            "wind_direc": "227",
            "publishtime": "2023\/03\/25 00:00:00",
            "co_8hr": "0.3",
            "pm2.5_avg": "34",
            "pm10_avg": "57",
            "so2_avg": "1",
            "longitude": "120.332631",
            "latitude": "22.689056",
            "siteid": "49"
        },
        {
            "sitename": "鳳山",
            "county": "高雄市",
            "aqi": "103",
            "pollutant": "細懸浮微粒",
            "status": "對敏感族群不健康",
            "so2": "2.6",
            "co": "0.34",
            "o3": "19.8",
            "o3_8hr": "20",
            "pm10": "43",
            "pm2.5": "35",
            "no2": "18.2",
            "nox": "19.9",
            "no": "1.7",
            "wind_speed": "0.7",
            "wind_direc": "283",
            "publishtime": "2023\/03\/25 00:00:00",
            "co_8hr": "0.6",
            "pm2.5_avg": "36",
            "pm10_avg": "52",
            "so2_avg": "2",
            "longitude": "120.357422",
            "latitude": "22.628126",
            "siteid": "50"
        },
        {
            "sitename": "大寮",
            "county": "高雄市",
            "aqi": "98",
            "pollutant": "細懸浮微粒",
            "status": "普通",
            "so2": "1.4",
            "co": "0.23",
            "o3": "28.7",
            "o3_8hr": "26.2",
            "pm10": "39",
            "pm2.5": "25",
            "no2": "6",
            "nox": "6.8",
            "no": "0.8",
            "wind_speed": "0.7",
            "wind_direc": "314",
            "publishtime": "2023\/03\/25 00:00:00",
            "co_8hr": "0.3",
            "pm2.5_avg": "34",
            "pm10_avg": "53",
            "so2_avg": "2",
            "longitude": "120.425311",
            "latitude": "22.56413611",
            "siteid": "51"
        },
        {
            "sitename": "林園",
            "county": "高雄市",
            "aqi": "73",
            "pollutant": "細懸浮微粒",
            "status": "普通",
            "so2": "0.7",
            "co": "0.19",
            "o3": "35.6",
            "o3_8hr": "29.3",
            "pm10": "29",
            "pm2.5": "9",
            "no2": "2.4",
            "nox": "3",
            "no": "0.5",
            "wind_speed": "0.7",
            "wind_direc": "251",
            "publishtime": "2023\/03\/25 00:00:00",
            "co_8hr": "0.2",
            "pm2.5_avg": "24",
            "pm10_avg": "47",
            "so2_avg": "1",
            "longitude": "120.41175",
            "latitude": "22.4795",
            "siteid": "52"
        },
        {
            "sitename": "楠梓",
            "county": "高雄市",
            "aqi": "100",
            "pollutant": "細懸浮微粒",
            "status": "普通",
            "so2": "2",
            "co": "0.49",
            "o3": "16.5",
            "o3_8hr": "27.9",
            "pm10": "59",
            "pm2.5": "40",
            "no2": "19.2",
            "nox": "19.6",
            "no": "0.3",
            "wind_speed": "0.9",
            "wind_direc": "307",
            "publishtime": "2023\/03\/25 00:00:00",
            "co_8hr": "0.3",
            "pm2.5_avg": "35",
            "pm10_avg": "60",
            "so2_avg": "1",
            "longitude": "120.328289",
            "latitude": "22.733667",
            "siteid": "53"
        },
        {
            "sitename": "左營",
            "county": "高雄市",
            "aqi": "81",
            "pollutant": "細懸浮微粒",
            "status": "普通",
            "so2": "1.3",
            "co": "0.28",
            "o3": "27.3",
            "o3_8hr": "33",
            "pm10": "58",
            "pm2.5": "26",
            "no2": "10.2",
            "nox": "10.9",
            "no": "0.6",
            "wind_speed": "1.7",
            "wind_direc": "277",
            "publishtime": "2023\/03\/25 00:00:00",
            "co_8hr": "0.2",
            "pm2.5_avg": "27",
            "pm10_avg": "56",
            "so2_avg": "1",
            "longitude": "120.292917",
            "latitude": "22.674861",
            "siteid": "54"
        },
        {
            "sitename": "前金",
            "county": "高雄市",
            "aqi": "92",
            "pollutant": "細懸浮微粒",
            "status": "普通",
            "so2": "1.3",
            "co": "0.26",
            "o3": "26.8",
            "o3_8hr": "33.8",
            "pm10": "46",
            "pm2.5": "32",
            "no2": "13.7",
            "nox": "13.9",
            "no": "0.1",
            "wind_speed": "1.2",
            "wind_direc": "295",
            "publishtime": "2023\/03\/25 00:00:00",
            "co_8hr": "0.3",
            "pm2.5_avg": "32",
            "pm10_avg": "50",
            "so2_avg": "1",
            "longitude": "120.28676111",
            "latitude": "22.63390278",
            "siteid": "56"
        },
        {
            "sitename": "前鎮",
            "county": "高雄市",
            "aqi": "93",
            "pollutant": "細懸浮微粒",
            "status": "普通",
            "so2": "2.2",
            "co": "0.22",
            "o3": "27.5",
            "o3_8hr": "23.5",
            "pm10": "41",
            "pm2.5": "29",
            "no2": "12.4",
            "nox": "12.6",
            "no": "0.2",
            "wind_speed": "0.6",
            "wind_direc": "193",
            "publishtime": "2023\/03\/25 00:00:00",
            "co_8hr": "0.4",
            "pm2.5_avg": "32",
            "pm10_avg": "53",
            "so2_avg": "2",
            "longitude": "120.30833356",
            "latitude": "22.6044507",
            "siteid": "57"
        },
        {
            "sitename": "小港",
            "county": "高雄市",
            "aqi": "100",
            "pollutant": "細懸浮微粒",
            "status": "普通",
            "so2": "1.1",
            "co": "0.2",
            "o3": "26.2",
            "o3_8hr": "22.7",
            "pm10": "44",
            "pm2.5": "32",
            "no2": "15.5",
            "nox": "17.1",
            "no": "1.5",
            "wind_speed": "1.8",
            "wind_direc": "256",
            "publishtime": "2023\/03\/25 00:00:00",
            "co_8hr": "0.3",
            "pm2.5_avg": "35",
            "pm10_avg": "48",
            "so2_avg": "1",
            "longitude": "120.337736",
            "latitude": "22.565833",
            "siteid": "58"
        },
        {
            "sitename": "屏東",
            "county": "屏東縣",
            "aqi": "102",
            "pollutant": "細懸浮微粒",
            "status": "對敏感族群不健康",
            "so2": "2.3",
            "co": "0.38",
            "o3": "18",
            "o3_8hr": "32.5",
            "pm10": "64",
            "pm2.5": "38",
            "no2": "14.4",
            "nox": "15",
            "no": "0.6",
            "wind_speed": "0.5",
            "wind_direc": "310",
            "publishtime": "2023\/03\/25 00:00:00",
            "co_8hr": "0.3",
            "pm2.5_avg": "35",
            "pm10_avg": "60",
            "so2_avg": "1",
            "longitude": "120.488033",
            "latitude": "22.673081",
            "siteid": "59"
        },
        {
            "sitename": "潮州",
            "county": "屏東縣",
            "aqi": "110",
            "pollutant": "細懸浮微粒",
            "status": "對敏感族群不健康",
            "so2": "1.4",
            "co": "0.25",
            "o3": "20.2",
            "o3_8hr": "26.7",
            "pm10": "49",
            "pm2.5": "43",
            "no2": "8.1",
            "nox": "9.1",
            "no": "0.9",
            "wind_speed": "1.5",
            "wind_direc": "45",
            "publishtime": "2023\/03\/25 00:00:00",
            "co_8hr": "0.2",
            "pm2.5_avg": "38",
            "pm10_avg": "57",
            "so2_avg": "2",
            "longitude": "120.561175",
            "latitude": "22.523108",
            "siteid": "60"
        },
        {
            "sitename": "恆春",
            "county": "屏東縣",
            "aqi": "43",
            "pollutant": "",
            "status": "良好",
            "so2": "0.6",
            "co": "0.25",
            "o3": "49.8",
            "o3_8hr": "45.3",
            "pm10": "20",
            "pm2.5": "7",
            "no2": "0.8",
            "nox": "1.4",
            "no": "0.5",
            "wind_speed": "6.9",
            "wind_direc": "38",
            "publishtime": "2023\/03\/25 00:00:00",
            "co_8hr": "0.2",
            "pm2.5_avg": "13",
            "pm10_avg": "21",
            "so2_avg": "0",
            "longitude": "120.788928",
            "latitude": "21.958069",
            "siteid": "61"
        },
        {
            "sitename": "臺東",
            "county": "臺東縣",
            "aqi": "40",
            "pollutant": "",
            "status": "良好",
            "so2": "0.4",
            "co": "0.26",
            "o3": "39",
            "o3_8hr": "43.1",
            "pm10": "11",
            "pm2.5": "8",
            "no2": "2.5",
            "nox": "3",
            "no": "0.5",
            "wind_speed": "1.1",
            "wind_direc": "318",
            "publishtime": "2023\/03\/25 00:00:00",
            "co_8hr": "0.2",
            "pm2.5_avg": "10",
            "pm10_avg": "19",
            "so2_avg": "0",
            "longitude": "121.15045",
            "latitude": "22.755358",
            "siteid": "62"
        },
        {
            "sitename": "花蓮",
            "county": "花蓮縣",
            "aqi": "39",
            "pollutant": "",
            "status": "良好",
            "so2": "0.3",
            "co": "0.35",
            "o3": "30.9",
            "o3_8hr": "40.3",
            "pm10": "27",
            "pm2.5": "10",
            "no2": "5.8",
            "nox": "6.2",
            "no": "0.3",
            "wind_speed": "1.2",
            "wind_direc": "307",
            "publishtime": "2023\/03\/25 00:00:00",
            "co_8hr": "0.4",
            "pm2.5_avg": "11",
            "pm10_avg": "23",
            "so2_avg": "0",
            "longitude": "121.599769",
            "latitude": "23.971306",
            "siteid": "63"
        },
        {
            "sitename": "陽明",
            "county": "臺北市",
            "aqi": "33",
            "pollutant": "",
            "status": "良好",
            "so2": "0.4",
            "co": "0.26",
            "o3": "36.3",
            "o3_8hr": "36",
            "pm10": "13",
            "pm2.5": "5",
            "no2": "2.6",
            "nox": "3.3",
            "no": "0.6",
            "wind_speed": "",
            "wind_direc": "",
            "publishtime": "2023\/03\/25 00:00:00",
            "co_8hr": "0.2",
            "pm2.5_avg": "9",
            "pm10_avg": "14",
            "so2_avg": "0",
            "longitude": "121.529583",
            "latitude": "25.182722",
            "siteid": "64"
        },
        {
            "sitename": "宜蘭",
            "county": "宜蘭縣",
            "aqi": "48",
            "pollutant": "",
            "status": "良好",
            "so2": "0.5",
            "co": "0.27",
            "o3": "40.9",
            "o3_8hr": "41.2",
            "pm10": "68",
            "pm2.5": "21",
            "no2": "3.3",
            "nox": "4",
            "no": "0.7",
            "wind_speed": "0.9",
            "wind_direc": "302",
            "publishtime": "2023\/03\/25 00:00:00",
            "co_8hr": "0.3",
            "pm2.5_avg": "14",
            "pm10_avg": "37",
            "so2_avg": "0",
            "longitude": "121.746394",
            "latitude": "24.747917",
            "siteid": "65"
        },
        {
            "sitename": "冬山",
            "county": "宜蘭縣",
            "aqi": "64",
            "pollutant": "懸浮微粒",
            "status": "普通",
            "so2": "0.6",
            "co": "0.27",
            "o3": "47.1",
            "o3_8hr": "42.5",
            "pm10": "154",
            "pm2.5": "37",
            "no2": "2.3",
            "nox": "2.8",
            "no": "0.4",
            "wind_speed": "1.5",
            "wind_direc": "12",
            "publishtime": "2023\/03\/25 00:00:00",
            "co_8hr": "0.4",
            "pm2.5_avg": "18",
            "pm10_avg": "64",
            "so2_avg": "0",
            "longitude": "121.792928",
            "latitude": "24.632203",
            "siteid": "66"
        },
        {
            "sitename": "三重",
            "county": "新北市",
            "aqi": "82",
            "pollutant": "細懸浮微粒",
            "status": "普通",
            "so2": "0.4",
            "co": "0.67",
            "o3": "23.1",
            "o3_8hr": "19",
            "pm10": "64",
            "pm2.5": "25",
            "no2": "23.5",
            "nox": "36.5",
            "no": "13",
            "wind_speed": "-",
            "wind_direc": "-",
            "publishtime": "2023\/03\/25 00:00:00",
            "co_8hr": "1",
            "pm2.5_avg": "27",
            "pm10_avg": "76",
            "so2_avg": "1",
            "longitude": "121.493806",
            "latitude": "25.072611",
            "siteid": "67"
        },
        {
            "sitename": "中壢",
            "county": "桃園市",
            "aqi": "106",
            "pollutant": "細懸浮微粒",
            "status": "對敏感族群不健康",
            "so2": "0.9",
            "co": "0.51",
            "o3": "25.2",
            "o3_8hr": "23.2",
            "pm10": "90",
            "pm2.5": "36",
            "no2": "16.6",
            "nox": "20.3",
            "no": "3.6",
            "wind_speed": "1",
            "wind_direc": "315",
            "publishtime": "2023\/03\/25 00:00:00",
            "co_8hr": "0.8",
            "pm2.5_avg": "37",
            "pm10_avg": "99",
            "so2_avg": "1",
            "longitude": "121.221667",
            "latitude": "24.953278",
            "siteid": "68"
        },
        {
            "sitename": "竹山",
            "county": "南投縣",
            "aqi": "97",
            "pollutant": "細懸浮微粒",
            "status": "普通",
            "so2": "1.3",
            "co": "0.37",
            "o3": "11.4",
            "o3_8hr": "26.2",
            "pm10": "47",
            "pm2.5": "36",
            "no2": "15.6",
            "nox": "16.4",
            "no": "0.7",
            "wind_speed": "0.4",
            "wind_direc": "26",
            "publishtime": "2023\/03\/25 00:00:00",
            "co_8hr": "0.3",
            "pm2.5_avg": "34",
            "pm10_avg": "45",
            "so2_avg": "1",
            "longitude": "120.677306",
            "latitude": "23.756389",
            "siteid": "69"
        },
        {
            "sitename": "永和",
            "county": "新北市",
            "aqi": "84",
            "pollutant": "細懸浮微粒",
            "status": "普通",
            "so2": "1",
            "co": "0.33",
            "o3": "37",
            "o3_8hr": "29.3",
            "pm10": "91",
            "pm2.5": "26",
            "no2": "9.1",
            "nox": "9.7",
            "no": "0.6",
            "wind_speed": "2.4",
            "wind_direc": "83",
            "publishtime": "2023\/03\/25 00:00:00",
            "co_8hr": "0.8",
            "pm2.5_avg": "28",
            "pm10_avg": "84",
            "so2_avg": "1",
            "longitude": "121.516306",
            "latitude": "25.017",
            "siteid": "70"
        },
        {
            "sitename": "復興",
            "county": "高雄市",
            "aqi": "92",
            "pollutant": "細懸浮微粒",
            "status": "普通",
            "so2": "1.4",
            "co": "0.23",
            "o3": "28.6",
            "o3_8hr": "24.1",
            "pm10": "40",
            "pm2.5": "24",
            "no2": "12.6",
            "nox": "13.3",
            "no": "0.6",
            "wind_speed": "0.5",
            "wind_direc": "229",
            "publishtime": "2023\/03\/25 00:00:00",
            "co_8hr": "0.5",
            "pm2.5_avg": "32",
            "pm10_avg": "46",
            "so2_avg": "1",
            "longitude": "120.312017",
            "latitude": "22.608711",
            "siteid": "71"
        },
        {
            "sitename": "埔里",
            "county": "南投縣",
            "aqi": "90",
            "pollutant": "細懸浮微粒",
            "status": "普通",
            "so2": "1.8",
            "co": "0.36",
            "o3": "19.7",
            "o3_8hr": "37.2",
            "pm10": "48",
            "pm2.5": "31",
            "no2": "10.6",
            "nox": "10.7",
            "no": "0.1",
            "wind_speed": "0.3",
            "wind_direc": "328",
            "publishtime": "2023\/03\/25 00:00:00",
            "co_8hr": "0.3",
            "pm2.5_avg": "31",
            "pm10_avg": "44",
            "so2_avg": "1",
            "longitude": "120.967903",
            "latitude": "23.968842",
            "siteid": "72"
        },
        {
            "sitename": "馬祖",
            "county": "連江縣",
            "aqi": "95",
            "pollutant": "細懸浮微粒",
            "status": "普通",
            "so2": "0.8",
            "co": "0.22",
            "o3": "41.2",
            "o3_8hr": "42.6",
            "pm10": "34",
            "pm2.5": "16",
            "no2": "4.4",
            "nox": "4.8",
            "no": "0.3",
            "wind_speed": "2.2",
            "wind_direc": "314",
            "publishtime": "2023\/03\/25 00:00:00",
            "co_8hr": "0.2",
            "pm2.5_avg": "33",
            "pm10_avg": "70",
            "so2_avg": "1",
            "longitude": "119.93149378",
            "latitude": "26.15188416",
            "siteid": "75"
        },
        {
            "sitename": "金門",
            "county": "金門縣",
            "aqi": "79",
            "pollutant": "細懸浮微粒",
            "status": "普通",
            "so2": "0.7",
            "co": "0.34",
            "o3": "36.7",
            "o3_8hr": "27.8",
            "pm10": "34",
            "pm2.5": "26",
            "no2": "7",
            "nox": "7.6",
            "no": "0.5",
            "wind_speed": "3.1",
            "wind_direc": "70",
            "publishtime": "2023\/03\/25 00:00:00",
            "co_8hr": "0.5",
            "pm2.5_avg": "26",
            "pm10_avg": "38",
            "so2_avg": "0",
            "longitude": "118.312256",
            "latitude": "24.432133",
            "siteid": "77"
        },
        {
            "sitename": "馬公",
            "county": "澎湖縣",
            "aqi": "55",
            "pollutant": "細懸浮微粒",
            "status": "普通",
            "so2": "0.6",
            "co": "0.26",
            "o3": "48.2",
            "o3_8hr": "55",
            "pm10": "71",
            "pm2.5": "32",
            "no2": "2.5",
            "nox": "3.1",
            "no": "0.5",
            "wind_speed": "3.6",
            "wind_direc": "26",
            "publishtime": "2023\/03\/25 00:00:00",
            "co_8hr": "0.2",
            "pm2.5_avg": "17",
            "pm10_avg": "36",
            "so2_avg": "0",
            "longitude": "119.566158",
            "latitude": "23.569031",
            "siteid": "78"
        },
        {
            "sitename": "關山",
            "county": "臺東縣",
            "aqi": "36",
            "pollutant": "",
            "status": "良好",
            "so2": "0.5",
            "co": "0.25",
            "o3": "40.7",
            "o3_8hr": "39.7",
            "pm10": "13",
            "pm2.5": "8",
            "no2": "1.7",
            "nox": "2.5",
            "no": "0.7",
            "wind_speed": "1.7",
            "wind_direc": "17",
            "publishtime": "2023\/03\/25 00:00:00",
            "co_8hr": "0.2",
            "pm2.5_avg": "8",
            "pm10_avg": "14",
            "so2_avg": "0",
            "longitude": "121.161933",
            "latitude": "23.045083",
            "siteid": "80"
        },
        {
            "sitename": "麥寮",
            "county": "雲林縣",
            "aqi": "60",
            "pollutant": "細懸浮微粒",
            "status": "普通",
            "so2": "2.2",
            "co": "0.35",
            "o3": "46.6",
            "o3_8hr": "51",
            "pm10": "59",
            "pm2.5": "27",
            "no2": "3.7",
            "nox": "4.3",
            "no": "0.5",
            "wind_speed": "2.7",
            "wind_direc": "7",
            "publishtime": "2023\/03\/25 00:00:00",
            "co_8hr": "0.3",
            "pm2.5_avg": "19",
            "pm10_avg": "42",
            "so2_avg": "1",
            "longitude": "120.251825",
            "latitude": "23.753506",
            "siteid": "83"
        },
        {
            "sitename": "富貴角",
            "county": "新北市",
            "aqi": "108",
            "pollutant": "懸浮微粒",
            "status": "對敏感族群不健康",
            "so2": "0",
            "co": "0.17",
            "o3": "51.3",
            "o3_8hr": "56.9",
            "pm10": "140",
            "pm2.5": "39",
            "no2": "2",
            "nox": "2",
            "no": "0",
            "wind_speed": "8.9",
            "wind_direc": "55",
            "publishtime": "2023\/03\/25 00:00:00",
            "co_8hr": "0.2",
            "pm2.5_avg": "34",
            "pm10_avg": "124",
            "so2_avg": "0",
            "longitude": "121.53656894",
            "latitude": "25.29681695",
            "siteid": "84"
        },
        {
            "sitename": "大城",
            "county": "彰化縣",
            "aqi": "52",
            "pollutant": "細懸浮微粒",
            "status": "普通",
            "so2": "0.8",
            "co": "0.33",
            "o3": "45.5",
            "o3_8hr": "55.3",
            "pm10": "65",
            "pm2.5": "26",
            "no2": "3.9",
            "nox": "4.5",
            "no": "0.5",
            "wind_speed": "2.8",
            "wind_direc": "10",
            "publishtime": "2023\/03\/25 00:00:00",
            "co_8hr": "0.2",
            "pm2.5_avg": "15",
            "pm10_avg": "34",
            "so2_avg": "1",
            "longitude": "120.26964167",
            "latitude": "23.85493056",
            "siteid": "85"
        },
        {
            "sitename": "彰化(員林)",
            "county": "彰化縣",
            "aqi": "64",
            "pollutant": "細懸浮微粒",
            "status": "普通",
            "so2": "1.9",
            "co": "0.44",
            "o3": "26.8",
            "o3_8hr": "27.8",
            "pm10": "45",
            "pm2.5": "21",
            "no2": "12.4",
            "nox": "13.1",
            "no": "0.6",
            "wind_speed": "0.4",
            "wind_direc": "307",
            "publishtime": "2023\/03\/25 00:00:00",
            "co_8hr": "0.4",
            "pm2.5_avg": "20",
            "pm10_avg": "42",
            "so2_avg": "2",
            "longitude": "120.56373",
            "latitude": "23.96117",
            "siteid": "201"
        },
        {
            "sitename": "高雄(湖內)",
            "county": "高雄市",
            "aqi": "97",
            "pollutant": "細懸浮微粒",
            "status": "普通",
            "so2": "1.8",
            "co": "0.38",
            "o3": "16.2",
            "o3_8hr": "27",
            "pm10": "53",
            "pm2.5": "36",
            "no2": "13.6",
            "nox": "14.8",
            "no": "1.2",
            "wind_speed": "0.9",
            "wind_direc": "98",
            "publishtime": "2023\/03\/25 00:00:00",
            "co_8hr": "0.3",
            "pm2.5_avg": "34",
            "pm10_avg": "50",
            "so2_avg": "1",
            "longitude": "120.24535",
            "latitude": "22.87985556",
            "siteid": "202"
        },
        {
            "sitename": "臺南(麻豆)",
            "county": "臺南市",
            "aqi": "75",
            "pollutant": "細懸浮微粒",
            "status": "普通",
            "so2": "1.2",
            "co": "0.28",
            "o3": "38.6",
            "o3_8hr": "32.1",
            "pm10": "30",
            "pm2.5": "14",
            "no2": "6.4",
            "nox": "7",
            "no": "0.6",
            "wind_speed": "0.9",
            "wind_direc": "350",
            "publishtime": "2023\/03\/25 00:00:00",
            "co_8hr": "0.2",
            "pm2.5_avg": "25",
            "pm10_avg": "46",
            "so2_avg": "1",
            "longitude": "120.24583056",
            "latitude": "23.17904722",
            "siteid": "203"
        },
        {
            "sitename": "屏東(琉球)",
            "county": "屏東縣",
            "aqi": "90",
            "pollutant": "細懸浮微粒",
            "status": "普通",
            "so2": "0.7",
            "co": "0.17",
            "o3": "39.8",
            "o3_8hr": "39.9",
            "pm10": "28",
            "pm2.5": "21",
            "no2": "1.8",
            "nox": "2.2",
            "no": "0.3",
            "wind_speed": "0.8",
            "wind_direc": "190",
            "publishtime": "2023\/03\/25 00:00:00",
            "co_8hr": "0.1",
            "pm2.5_avg": "31",
            "pm10_avg": "42",
            "so2_avg": "1",
            "longitude": "120.37722",
            "latitude": "22.35222",
            "siteid": "204"
        },
        {
            "sitename": "桃園(三民)",
            "county": "桃園市",
            "aqi": "69",
            "pollutant": "細懸浮微粒",
            "status": "普通",
            "so2": "0.4",
            "co": "0.32",
            "o3": "39.4",
            "o3_8hr": "38",
            "pm10": "55",
            "pm2.5": "17",
            "no2": "6.3",
            "nox": "6.8",
            "no": "0.4",
            "wind_speed": "2.2",
            "wind_direc": "101",
            "publishtime": "2023\/03\/25 00:00:00",
            "co_8hr": "0.5",
            "pm2.5_avg": "22",
            "pm10_avg": "66",
            "so2_avg": "0",
            "longitude": "121.31788148",
            "latitude": "25.00132736",
            "siteid": "310"
        },
        {
            "sitename": "新北(樹林)",
            "county": "新北市",
            "aqi": "84",
            "pollutant": "細懸浮微粒",
            "status": "普通",
            "so2": "0",
            "co": "0.31",
            "o3": "24.6",
            "o3_8hr": "21.7",
            "pm10": "54",
            "pm2.5": "23",
            "no2": "9.7",
            "nox": "10.6",
            "no": "0.9",
            "wind_speed": "0",
            "wind_direc": "168",
            "publishtime": "2023\/03\/25 00:00:00",
            "co_8hr": "0.5",
            "pm2.5_avg": "29",
            "pm10_avg": "62",
            "so2_avg": "0",
            "longitude": "121.38352778",
            "latitude": "24.94902778",
            "siteid": "311"
        },
        {
            "sitename": "屏東(枋山)",
            "county": "屏東縣",
            "aqi": "63",
            "pollutant": "細懸浮微粒",
            "status": "普通",
            "so2": "0.2",
            "co": "0.18",
            "o3": "35.4",
            "o3_8hr": "34",
            "pm10": "16",
            "pm2.5": "13",
            "no2": "1.1",
            "nox": "1.2",
            "no": "0.1",
            "wind_speed": "4.7",
            "wind_direc": "104",
            "publishtime": "2023\/03\/25 00:00:00",
            "co_8hr": "0.1",
            "pm2.5_avg": "20",
            "pm10_avg": "26",
            "so2_avg": "0",
            "longitude": "120.651472",
            "latitude": "22.260899",
            "siteid": "313"
        }
    ]
}